source_name,source_url,source_publish_date,source_access_date,organization_name_raw,normalized_organization_name,organization_type,city,state,relationship_type,relationship_description,evidence_text_short,confidence_score,gpo_name,gpo_confidence,is_confirmed_gpo_member,notes,extraction_method,created_at
Vizient Southern States Members Page,https://www.vizientsouthernstates.com/members,,2026-04-19,"Archbold Medical Center, Inc.","Archbold Medical Center, Inc.",hospital,,,confirmed_member,Listed under confirmed member,"Listed on Vizient SS members page: Archbold Medical Center, Inc.",1.0,Vizient,1.0,True,,html,2026-04-19T23:08:00.013403
Vizient Southern States Members Page,https://www.vizientsouthernstates.com/members,,2026-04-19,Brooks County Hospital,Brooks County Hospital,hospital,,,confirmed_member,Listed under confirmed member,Listed on Vizient SS members page: Brooks County Hospital,1.0,Vizient,1.0,True,,html,2026-04-19T23:08:00.013629
Vizient Southern States Members Page,https://www.vizientsouthernstates.com/members,,2026-04-19,Grady General Hospital,Grady General Hospital,hospital,,,confirmed_member,Listed under confirmed member,Listed on Vizient SS members page: Grady General Hospital,1.0,Vizient,1.0,True,,html,2026-04-19T23:08:00.013776
Vizient Southern States Members Page,https://www.vizientsouthernstates.com/members,,2026-04-19,John D. Archbold Memorial Hospital,John D. Archbold Memorial Hospital,hospital,,,confirmed_member,Listed under confirmed member,Listed on Vizient SS members page: John D. Archbold Memorial Hospital,1.0,Vizient,1.0,True,,html,2026-04-19T23:08:00.013895
Vizient Southern States Members Page,https://www.vizientsouthernstates.com/members,,2026-04-19,Mitchell County Hospital,Mitchell County Hospital,hospital,,,confirmed_member,Listed under confirmed member,Listed on Vizient SS members page: Mitchell County Hospital,1.0,Vizient,1.0,True,,html,2026-04-19T23:08:00.013983
Vizient Southern States Members Page,https://www.vizientsouthernstates.com/members,,2026-04-19,Atrium Health Floyd,Atrium Health Floyd,hospital,,,confirmed_member,Listed under confirmed member,Listed on Vizient SS members page: Atrium Health Floyd,1.0,Vizient,1.0,True,,html,2026-04-19T23:08:00.014125
Vizient Southern States Members Page,https://www.vizientsouthernstates.com/members,,2026-04-19,Cherokee Medical Center,Cherokee Medical Center,hospital,,,confirmed_member,Listed under confirmed member,Listed on Vizient SS members page: Cherokee Medical Center,1.0,Vizient,1.0,True,,html,2026-04-19T23:08:00.014209
Vizient Southern States Members Page,https://www.vizientsouthernstates.com/members,,2026-04-19,Polk Medical Center,Polk Medical Center,hospital,,,confirmed_member,Listed under confirmed member,Listed on Vizient SS members page: Polk Medical Center,1.0,Vizient,1.0,True,,html,2026-04-19T23:08:00.014298
Vizient Southern States Members Page,https://www.vizientsouthernstates.com/members,,2026-04-19,Atrium Health Navicent,Atrium Health Navicent,hospital,,,confirmed_member,Listed under confirmed member,Listed on Vizient SS members page: Atrium Health Navicent,1.0,Vizient,1.0,True,,html,2026-04-19T23:08:00.014434
Vizient Southern States Members Page,https://www.vizientsouthernstates.com/members,,2026-04-19,Atrium Navicent Health - Baldwin,Atrium Navicent Health - Baldwin,hospital,,,confirmed_member,Listed under confirmed member,Listed on Vizient SS members page: Atrium Navicent Health - Baldwin,1.0,Vizient,1.0,True,,html,2026-04-19T23:08:00.014569
Vizient Southern States Members Page,https://www.vizientsouthernstates.com/members,,2026-04-19,Atrium Navicent Health - Peach,Atrium Navicent Health - Peach,hospital,,,confirmed_member,Listed under confirmed member,Listed on Vizient SS members page: Atrium Navicent Health - Peach,1.0,Vizient,1.0,True,,html,2026-04-19T23:08:00.014702
Vizient Southern States Members Page,https://www.vizientsouthernstates.com/members,,2026-04-19,"Atrium Navicent Health - Rehabilitation Hospital,","Atrium Navicent Health - Rehabilitation Hospital,",hospital,,,confirmed_member,Listed under confirmed member,"Listed on Vizient SS members page: Atrium Navicent Health - Rehabilitation Hospital,",1.0,Vizient,1.0,True,,html,2026-04-19T23:08:00.014805
Vizient Southern States Members Page,https://www.vizientsouthernstates.com/members,,2026-04-19,Atrium Health Navicent - The Medical Center,Atrium Health Navicent - The Medical Center,hospital,,,confirmed_member,Listed under confirmed member,Listed on Vizient SS members page: Atrium Health Navicent - The Medical Center,1.0,Vizient,1.0,True,,html,2026-04-19T23:08:00.014905
Vizient Southern States Members Page,https://www.vizientsouthernstates.com/members,,2026-04-19,Putnam General Hospital,Putnam General Hospital,hospital,,,confirmed_member,Listed under confirmed member,Listed on Vizient SS members page: Putnam General Hospital,1.0,Vizient,1.0,True,,html,2026-04-19T23:08:00.014991
Vizient Southern States Members Page,https://www.vizientsouthernstates.com/members,,2026-04-19,Beauregard Health System,Beauregard Health System,hospital,,,confirmed_member,Listed under confirmed member,Listed on Vizient SS members page: Beauregard Health System,1.0,Vizient,1.0,True,,html,2026-04-19T23:08:00.015128
Vizient Southern States Members Page,https://www.vizientsouthernstates.com/members,,2026-04-19,Delta Health System,Delta Health System,hospital,,,confirmed_member,Listed under confirmed member,Listed on Vizient SS members page: Delta Health System,1.0,Vizient,1.0,True,,html,2026-04-19T23:08:00.015266
Vizient Southern States Members Page,https://www.vizientsouthernstates.com/members,,2026-04-19,Delta Regional Medical Center - Main Campus,Delta Regional Medical Center - Main Campus,hospital,,,confirmed_member,Listed under confirmed member,Listed on Vizient SS members page: Delta Regional Medical Center - Main Campus,1.0,Vizient,1.0,True,,html,2026-04-19T23:08:00.015357
Vizient Southern States Members Page,https://www.vizientsouthernstates.com/members,,2026-04-19,Delta Regional Medical Center - West Campus,Delta Regional Medical Center - West Campus,hospital,,,confirmed_member,Listed under confirmed member,Listed on Vizient SS members page: Delta Regional Medical Center - West Campus,1.0,Vizient,1.0,True,,html,2026-04-19T23:08:00.015441
Vizient Southern States Members Page,https://www.vizientsouthernstates.com/members,,2026-04-19,Emory Healthcare-Warner Robins**,Emory Healthcare-Warner Robins**,hospital,,,confirmed_member,Listed under confirmed member,Listed on Vizient SS members page: Emory Healthcare-Warner Robins**,1.0,Vizient,1.0,True,,html,2026-04-19T23:08:00.015650
Vizient Southern States Members Page,https://www.vizientsouthernstates.com/members,,2026-04-19,Emory Hospital Houston Heart Institute,Emory Hospital Houston Heart Institute,hospital,,,confirmed_member,Listed under confirmed member,Listed on Vizient SS members page: Emory Hospital Houston Heart Institute,1.0,Vizient,1.0,True,,html,2026-04-19T23:08:00.015740
Vizient Southern States Members Page,https://www.vizientsouthernstates.com/members,,2026-04-19,Emory Hospital Warner Robins,Emory Hospital Warner Robins,hospital,,,confirmed_member,Listed under confirmed member,Listed on Vizient SS members page: Emory Hospital Warner Robins,1.0,Vizient,1.0,True,,html,2026-04-19T23:08:00.015841
Vizient Southern States Members Page,https://www.vizientsouthernstates.com/members,,2026-04-19,Emory Hospital Perry,Emory Hospital Perry,hospital,,,confirmed_member,Listed under confirmed member,Listed on Vizient SS members page: Emory Hospital Perry,1.0,Vizient,1.0,True,,html,2026-04-19T23:08:00.015929
Vizient Southern States Members Page,https://www.vizientsouthernstates.com/members,,2026-04-19,Franciscan Missionaries of Our Lady Health (FMOL Health),Franciscan Missionaries of Our Lady Health (FMOL Health),hospital,,,confirmed_member,Listed under confirmed member,Listed on Vizient SS members page: Franciscan Missionaries of Our Lady Health (FMOL Health),1.0,Vizient,1.0,True,,html,2026-04-19T23:08:00.016071
Vizient Southern States Members Page,https://www.vizientsouthernstates.com/members,,2026-04-19,Our Lady of Lourdes Health,Our Lady of Lourdes Health,hospital,,,confirmed_member,Listed under confirmed member,Listed on Vizient SS members page: Our Lady of Lourdes Health,1.0,Vizient,1.0,True,,html,2026-04-19T23:08:00.016158
Vizient Southern States Members Page,https://www.vizientsouthernstates.com/members,,2026-04-19,Our Lady of the Angels Health,Our Lady of the Angels Health,hospital,,,confirmed_member,Listed under confirmed member,Listed on Vizient SS members page: Our Lady of the Angels Health,1.0,Vizient,1.0,True,,html,2026-04-19T23:08:00.016243
Vizient Southern States Members Page,https://www.vizientsouthernstates.com/members,,2026-04-19,Our Lady of the Lake Health,Our Lady of the Lake Health,hospital,,,confirmed_member,Listed under confirmed member,Listed on Vizient SS members page: Our Lady of the Lake Health,1.0,Vizient,1.0,True,,html,2026-04-19T23:08:00.016327
Vizient Southern States Members Page,https://www.vizientsouthernstates.com/members,,2026-04-19,St. Dominic Health,St. Dominic Health,hospital,,,confirmed_member,Listed under confirmed member,Listed on Vizient SS members page: St. Dominic Health,1.0,Vizient,1.0,True,,html,2026-04-19T23:08:00.016410
Vizient Southern States Members Page,https://www.vizientsouthernstates.com/members,,2026-04-19,St. Francis Health,St. Francis Health,hospital,,,confirmed_member,Listed under confirmed member,Listed on Vizient SS members page: St. Francis Health,1.0,Vizient,1.0,True,,html,2026-04-19T23:08:00.016492
Vizient Southern States Members Page,https://www.vizientsouthernstates.com/members,,2026-04-19,Greenwood Leflore Hospital,Greenwood Leflore Hospital,hospital,,,confirmed_member,Listed under confirmed member,Listed on Vizient SS members page: Greenwood Leflore Hospital,1.0,Vizient,1.0,True,,html,2026-04-19T23:08:00.016683
Vizient Southern States Members Page,https://www.vizientsouthernstates.com/members,,2026-04-19,Lake Charles Memorial Health System,Lake Charles Memorial Health System,hospital,,,confirmed_member,Listed under confirmed member,Listed on Vizient SS members page: Lake Charles Memorial Health System,1.0,Vizient,1.0,True,,html,2026-04-19T23:08:00.016935
Vizient Southern States Members Page,https://www.vizientsouthernstates.com/members,,2026-04-19,Lake Charles Memorial Hospital,Lake Charles Memorial Hospital,hospital,,,confirmed_member,Listed under confirmed member,Listed on Vizient SS members page: Lake Charles Memorial Hospital,1.0,Vizient,1.0,True,,html,2026-04-19T23:08:00.017036
Vizient Southern States Members Page,https://www.vizientsouthernstates.com/members,,2026-04-19,Lake Charles Memorial Hospital for Women,Lake Charles Memorial Hospital for Women,hospital,,,confirmed_member,Listed under confirmed member,Listed on Vizient SS members page: Lake Charles Memorial Hospital for Women,1.0,Vizient,1.0,True,,html,2026-04-19T23:08:00.017123
Vizient Southern States Members Page,https://www.vizientsouthernstates.com/members,,2026-04-19,Magnolia Regional Health Center,Magnolia Regional Health Center,hospital,,,confirmed_member,Listed under confirmed member,Listed on Vizient SS members page: Magnolia Regional Health Center,1.0,Vizient,1.0,True,,html,2026-04-19T23:08:00.017265
Vizient Southern States Members Page,https://www.vizientsouthernstates.com/members,,2026-04-19,North Oaks Health System,North Oaks Health System,hospital,,,confirmed_member,Listed under confirmed member,Listed on Vizient SS members page: North Oaks Health System,1.0,Vizient,1.0,True,,html,2026-04-19T23:08:00.017402
Vizient Southern States Members Page,https://www.vizientsouthernstates.com/members,,2026-04-19,"Northeast Georgia Health System, Inc.","Northeast Georgia Health System, Inc.",hospital,,,confirmed_member,Listed under confirmed member,"Listed on Vizient SS members page: Northeast Georgia Health System, Inc.",1.0,Vizient,1.0,True,,html,2026-04-19T23:08:00.017596
Vizient Southern States Members Page,https://www.vizientsouthernstates.com/members,,2026-04-19,NGMC Barrow,NGMC Barrow,hospital,,,confirmed_member,Listed under confirmed member,Listed on Vizient SS members page: NGMC Barrow,1.0,Vizient,1.0,True,,html,2026-04-19T23:08:00.017687
Vizient Southern States Members Page,https://www.vizientsouthernstates.com/members,,2026-04-19,NGMC Braselton,NGMC Braselton,hospital,,,confirmed_member,Listed under confirmed member,Listed on Vizient SS members page: NGMC Braselton,1.0,Vizient,1.0,True,,html,2026-04-19T23:08:00.017771
Vizient Southern States Members Page,https://www.vizientsouthernstates.com/members,,2026-04-19,NGMC Gainesville,NGMC Gainesville,hospital,,,confirmed_member,Listed under confirmed member,Listed on Vizient SS members page: NGMC Gainesville,1.0,Vizient,1.0,True,,html,2026-04-19T23:08:00.017862
Vizient Southern States Members Page,https://www.vizientsouthernstates.com/members,,2026-04-19,NGMC Habersham,NGMC Habersham,hospital,,,confirmed_member,Listed under confirmed member,Listed on Vizient SS members page: NGMC Habersham,1.0,Vizient,1.0,True,,html,2026-04-19T23:08:00.017951
Vizient Southern States Members Page,https://www.vizientsouthernstates.com/members,,2026-04-19,NGMC Lumpkin,NGMC Lumpkin,hospital,,,confirmed_member,Listed under confirmed member,Listed on Vizient SS members page: NGMC Lumpkin,1.0,Vizient,1.0,True,,html,2026-04-19T23:08:00.018034
Vizient Southern States Members Page,https://www.vizientsouthernstates.com/members,,2026-04-19,"Northside Hospital, Inc.","Northside Hospital, Inc.",hospital,,,confirmed_member,Listed under confirmed member,"Listed on Vizient SS members page: Northside Hospital, Inc.",1.0,Vizient,1.0,True,,html,2026-04-19T23:08:00.018179
Vizient Southern States Members Page,https://www.vizientsouthernstates.com/members,,2026-04-19,Northside Alpharetta,Northside Alpharetta,hospital,,,confirmed_member,Listed under confirmed member,Listed on Vizient SS members page: Northside Alpharetta,1.0,Vizient,1.0,True,,html,2026-04-19T23:08:00.018263
Vizient Southern States Members Page,https://www.vizientsouthernstates.com/members,,2026-04-19,Northside Gwinnett Joan Glancy,Northside Gwinnett Joan Glancy,hospital,,,confirmed_member,Listed under confirmed member,Listed on Vizient SS members page: Northside Gwinnett Joan Glancy,1.0,Vizient,1.0,True,,html,2026-04-19T23:08:00.018346
Vizient Southern States Members Page,https://www.vizientsouthernstates.com/members,,2026-04-19,Northside Hospital,Northside Hospital,hospital,,,confirmed_member,Listed under confirmed member,Listed on Vizient SS members page: Northside Hospital,1.0,Vizient,1.0,True,,html,2026-04-19T23:08:00.018427
Vizient Southern States Members Page,https://www.vizientsouthernstates.com/members,,2026-04-19,Northside Hospital Cherokee,Northside Hospital Cherokee,hospital,,,confirmed_member,Listed under confirmed member,Listed on Vizient SS members page: Northside Hospital Cherokee,1.0,Vizient,1.0,True,,html,2026-04-19T23:08:00.018603
Vizient Southern States Members Page,https://www.vizientsouthernstates.com/members,,2026-04-19,Northside Hospital Duluth,Northside Hospital Duluth,hospital,,,confirmed_member,Listed under confirmed member,Listed on Vizient SS members page: Northside Hospital Duluth,1.0,Vizient,1.0,True,,html,2026-04-19T23:08:00.018697
Vizient Southern States Members Page,https://www.vizientsouthernstates.com/members,,2026-04-19,Northside Hospital Forsyth,Northside Hospital Forsyth,hospital,,,confirmed_member,Listed under confirmed member,Listed on Vizient SS members page: Northside Hospital Forsyth,1.0,Vizient,1.0,True,,html,2026-04-19T23:08:00.018782
Vizient Southern States Members Page,https://www.vizientsouthernstates.com/members,,2026-04-19,Northside Hospital Gwinnett,Northside Hospital Gwinnett,hospital,,,confirmed_member,Listed under confirmed member,Listed on Vizient SS members page: Northside Hospital Gwinnett,1.0,Vizient,1.0,True,,html,2026-04-19T23:08:00.018876
Vizient Southern States Members Page,https://www.vizientsouthernstates.com/members,,2026-04-19,Northside Hospital Outpatient Center @ Meridian Mark,Northside Hospital Outpatient Center @ Meridian Mark,hospital,,,confirmed_member,Listed under confirmed member,Listed on Vizient SS members page: Northside Hospital Outpatient Center @ Meridian Mark,1.0,Vizient,1.0,True,,html,2026-04-19T23:08:00.018969
Vizient Southern States Members Page,https://www.vizientsouthernstates.com/members,,2026-04-19,OCH Regional Medical Center,OCH Regional Medical Center,hospital,,,confirmed_member,Listed under confirmed member,Listed on Vizient SS members page: OCH Regional Medical Center,1.0,Vizient,1.0,True,,html,2026-04-19T23:08:00.019107
Vizient Southern States Members Page,https://www.vizientsouthernstates.com/members,,2026-04-19,Ochsner Health System,Ochsner Health System,hospital,,,confirmed_member,Listed under confirmed member,Listed on Vizient SS members page: Ochsner Health System,1.0,Vizient,1.0,True,,html,2026-04-19T23:08:00.019251
Vizient Southern States Members Page,https://www.vizientsouthernstates.com/members,,2026-04-19,Ochsner Abrom Kaplan Memorial Hospital,Ochsner Abrom Kaplan Memorial Hospital,hospital,,,confirmed_member,Listed under confirmed member,Listed on Vizient SS members page: Ochsner Abrom Kaplan Memorial Hospital,1.0,Vizient,1.0,True,,html,2026-04-19T23:08:00.019336
Vizient Southern States Members Page,https://www.vizientsouthernstates.com/members,,2026-04-19,Ochsner Arcadia General Hospital,Ochsner Arcadia General Hospital,hospital,,,confirmed_member,Listed under confirmed member,Listed on Vizient SS members page: Ochsner Arcadia General Hospital,1.0,Vizient,1.0,True,,html,2026-04-19T23:08:00.019418
Vizient Southern States Members Page,https://www.vizientsouthernstates.com/members,,2026-04-19,Ochsner Baptist - A Campus of Ochsner Medical Center,Ochsner Baptist - A Campus of Ochsner Medical Center,hospital,,,confirmed_member,Listed under confirmed member,Listed on Vizient SS members page: Ochsner Baptist - A Campus of Ochsner Medical Center,1.0,Vizient,1.0,True,,html,2026-04-19T23:08:00.019544
Vizient Southern States Members Page,https://www.vizientsouthernstates.com/members,,2026-04-19,Ochsner Baptist Women's Pavilion,Ochsner Baptist Women's Pavilion,hospital,,,confirmed_member,Listed under confirmed member,Listed on Vizient SS members page: Ochsner Baptist Women's Pavilion,1.0,Vizient,1.0,True,,html,2026-04-19T23:08:00.019652
Vizient Southern States Members Page,https://www.vizientsouthernstates.com/members,,2026-04-19,Ochsner Clinic Foundation,Ochsner Clinic Foundation,hospital,,,confirmed_member,Listed under confirmed member,Listed on Vizient SS members page: Ochsner Clinic Foundation,1.0,Vizient,1.0,True,,html,2026-04-19T23:08:00.019739
Vizient Southern States Members Page,https://www.vizientsouthernstates.com/members,,2026-04-19,Ochsner Medical Center - Baton Rouge,Ochsner Medical Center - Baton Rouge,hospital,,,confirmed_member,Listed under confirmed member,Listed on Vizient SS members page: Ochsner Medical Center - Baton Rouge,1.0,Vizient,1.0,True,,html,2026-04-19T23:08:00.019832
Vizient Southern States Members Page,https://www.vizientsouthernstates.com/members,,2026-04-19,Ochsner Hospital for Children,Ochsner Hospital for Children,hospital,,,confirmed_member,Listed under confirmed member,Listed on Vizient SS members page: Ochsner Hospital for Children,1.0,Vizient,1.0,True,,html,2026-04-19T23:08:00.019918
Vizient Southern States Members Page,https://www.vizientsouthernstates.com/members,,2026-04-19,Ochsner Medical Center - Hancock,Ochsner Medical Center - Hancock,hospital,,,confirmed_member,Listed under confirmed member,Listed on Vizient SS members page: Ochsner Medical Center - Hancock,1.0,Vizient,1.0,True,,html,2026-04-19T23:08:00.020002
Vizient Southern States Members Page,https://www.vizientsouthernstates.com/members,,2026-04-19,Ochsner Medical Center - Kenner,Ochsner Medical Center - Kenner,hospital,,,confirmed_member,Listed under confirmed member,Listed on Vizient SS members page: Ochsner Medical Center - Kenner,1.0,Vizient,1.0,True,,html,2026-04-19T23:08:00.020092
Vizient Southern States Members Page,https://www.vizientsouthernstates.com/members,,2026-04-19,Ochsner Medical Center - Lafayette General,Ochsner Medical Center - Lafayette General,hospital,,,confirmed_member,Listed under confirmed member,Listed on Vizient SS members page: Ochsner Medical Center - Lafayette General,1.0,Vizient,1.0,True,,html,2026-04-19T23:08:00.020196
Vizient Southern States Members Page,https://www.vizientsouthernstates.com/members,,2026-04-19,Ochsner Medical Center - Northshore,Ochsner Medical Center - Northshore,hospital,,,confirmed_member,Listed under confirmed member,Listed on Vizient SS members page: Ochsner Medical Center - Northshore,1.0,Vizient,1.0,True,,html,2026-04-19T23:08:00.020306
Vizient Southern States Members Page,https://www.vizientsouthernstates.com/members,,2026-04-19,Ochsner Medical Center - West Bank Campus,Ochsner Medical Center - West Bank Campus,hospital,,,confirmed_member,Listed under confirmed member,Listed on Vizient SS members page: Ochsner Medical Center - West Bank Campus,1.0,Vizient,1.0,True,,html,2026-04-19T23:08:00.020407
Vizient Southern States Members Page,https://www.vizientsouthernstates.com/members,,2026-04-19,Ochsner Medical Center - West Campus,Ochsner Medical Center - West Campus,hospital,,,confirmed_member,Listed under confirmed member,Listed on Vizient SS members page: Ochsner Medical Center - West Campus,1.0,Vizient,1.0,True,,html,2026-04-19T23:08:00.020492
Vizient Southern States Members Page,https://www.vizientsouthernstates.com/members,,2026-04-19,Ochsner Medical Center - High Grove,Ochsner Medical Center - High Grove,hospital,,,confirmed_member,Listed under confirmed member,Listed on Vizient SS members page: Ochsner Medical Center - High Grove,1.0,Vizient,1.0,True,,html,2026-04-19T23:08:00.020633
Vizient Southern States Members Page,https://www.vizientsouthernstates.com/members,,2026-04-19,Ochsner St. Anne Hospital,Ochsner St. Anne Hospital,hospital,,,confirmed_member,Listed under confirmed member,Listed on Vizient SS members page: Ochsner St. Anne Hospital,1.0,Vizient,1.0,True,,html,2026-04-19T23:08:00.020735
Vizient Southern States Members Page,https://www.vizientsouthernstates.com/members,,2026-04-19,Ochsner St. Martin Hospital,Ochsner St. Martin Hospital,hospital,,,confirmed_member,Listed under confirmed member,Listed on Vizient SS members page: Ochsner St. Martin Hospital,1.0,Vizient,1.0,True,,html,2026-04-19T23:08:00.020989
Vizient Southern States Members Page,https://www.vizientsouthernstates.com/members,,2026-04-19,Ochsner University Hospital,Ochsner University Hospital,hospital,,,confirmed_member,Listed under confirmed member,Listed on Vizient SS members page: Ochsner University Hospital,1.0,Vizient,1.0,True,,html,2026-04-19T23:08:00.021079
Vizient Southern States Members Page,https://www.vizientsouthernstates.com/members,,2026-04-19,Phoebe Health,Phoebe Health,hospital,,,confirmed_member,Listed under confirmed member,Listed on Vizient SS members page: Phoebe Health,1.0,Vizient,1.0,True,,html,2026-04-19T23:08:00.021225
Vizient Southern States Members Page,https://www.vizientsouthernstates.com/members,,2026-04-19,Phoebe - Main Campus,Phoebe - Main Campus,hospital,,,confirmed_member,Listed under confirmed member,Listed on Vizient SS members page: Phoebe - Main Campus,1.0,Vizient,1.0,True,,html,2026-04-19T23:08:00.021310
Vizient Southern States Members Page,https://www.vizientsouthernstates.com/members,,2026-04-19,Phoebe - North Campus,Phoebe - North Campus,hospital,,,confirmed_member,Listed under confirmed member,Listed on Vizient SS members page: Phoebe - North Campus,1.0,Vizient,1.0,True,,html,2026-04-19T23:08:00.021400
Vizient Southern States Members Page,https://www.vizientsouthernstates.com/members,,2026-04-19,Phoebe Sumter,Phoebe Sumter,hospital,,,confirmed_member,Listed under confirmed member,Listed on Vizient SS members page: Phoebe Sumter,1.0,Vizient,1.0,True,,html,2026-04-19T23:08:00.021483
Vizient Southern States Members Page,https://www.vizientsouthernstates.com/members,,2026-04-19,Phoebe Worth,Phoebe Worth,hospital,,,confirmed_member,Listed under confirmed member,Listed on Vizient SS members page: Phoebe Worth,1.0,Vizient,1.0,True,,html,2026-04-19T23:08:00.021627
Vizient Southern States Members Page,https://www.vizientsouthernstates.com/members,,2026-04-19,Piedmont Healthcare,Piedmont Healthcare,hospital,,,confirmed_member,Listed under confirmed member,Listed on Vizient SS members page: Piedmont Healthcare,1.0,Vizient,1.0,True,,html,2026-04-19T23:08:00.021772
Vizient Southern States Members Page,https://www.vizientsouthernstates.com/members,,2026-04-19,Piedmont Athens Regional,Piedmont Athens Regional,hospital,,,confirmed_member,Listed under confirmed member,Listed on Vizient SS members page: Piedmont Athens Regional,1.0,Vizient,1.0,True,,html,2026-04-19T23:08:00.021866
Vizient Southern States Members Page,https://www.vizientsouthernstates.com/members,,2026-04-19,Piedmont Atlanta,Piedmont Atlanta,hospital,,,confirmed_member,Listed under confirmed member,Listed on Vizient SS members page: Piedmont Atlanta,1.0,Vizient,1.0,True,,html,2026-04-19T23:08:00.021951
Vizient Southern States Members Page,https://www.vizientsouthernstates.com/members,,2026-04-19,Piedmont Augusta,Piedmont Augusta,hospital,,,confirmed_member,Listed under confirmed member,Listed on Vizient SS members page: Piedmont Augusta,1.0,Vizient,1.0,True,,html,2026-04-19T23:08:00.022034
Vizient Southern States Members Page,https://www.vizientsouthernstates.com/members,,2026-04-19,Piedmont Cartersville,Piedmont Cartersville,hospital,,,confirmed_member,Listed under confirmed member,Listed on Vizient SS members page: Piedmont Cartersville,1.0,Vizient,1.0,True,,html,2026-04-19T23:08:00.022117
Vizient Southern States Members Page,https://www.vizientsouthernstates.com/members,,2026-04-19,Piedmont Columbus Regional,Piedmont Columbus Regional,hospital,,,confirmed_member,Listed under confirmed member,Listed on Vizient SS members page: Piedmont Columbus Regional,1.0,Vizient,1.0,True,,html,2026-04-19T23:08:00.022208
Vizient Southern States Members Page,https://www.vizientsouthernstates.com/members,,2026-04-19,Piedmont Eastside Medical Center,Piedmont Eastside Medical Center,hospital,,,confirmed_member,Listed under confirmed member,Listed on Vizient SS members page: Piedmont Eastside Medical Center,1.0,Vizient,1.0,True,,html,2026-04-19T23:08:00.022296
Vizient Southern States Members Page,https://www.vizientsouthernstates.com/members,,2026-04-19,Piedmont Fayette,Piedmont Fayette,hospital,,,confirmed_member,Listed under confirmed member,Listed on Vizient SS members page: Piedmont Fayette,1.0,Vizient,1.0,True,,html,2026-04-19T23:08:00.022382
Vizient Southern States Members Page,https://www.vizientsouthernstates.com/members,,2026-04-19,Piedmont Henry,Piedmont Henry,hospital,,,confirmed_member,Listed under confirmed member,Listed on Vizient SS members page: Piedmont Henry,1.0,Vizient,1.0,True,,html,2026-04-19T23:08:00.022466
Vizient Southern States Members Page,https://www.vizientsouthernstates.com/members,,2026-04-19,Piedmont Macon North Hospital,Piedmont Macon North Hospital,hospital,,,confirmed_member,Listed under confirmed member,Listed on Vizient SS members page: Piedmont Macon North Hospital,1.0,Vizient,1.0,True,,html,2026-04-19T23:08:00.022604
Vizient Southern States Members Page,https://www.vizientsouthernstates.com/members,,2026-04-19,Piedmont Midtown Campus,Piedmont Midtown Campus,hospital,,,confirmed_member,Listed under confirmed member,Listed on Vizient SS members page: Piedmont Midtown Campus,1.0,Vizient,1.0,True,,html,2026-04-19T23:08:00.022792
Vizient Southern States Members Page,https://www.vizientsouthernstates.com/members,,2026-04-19,Piedmont Mountainside,Piedmont Mountainside,hospital,,,confirmed_member,Listed under confirmed member,Listed on Vizient SS members page: Piedmont Mountainside,1.0,Vizient,1.0,True,,html,2026-04-19T23:08:00.022909
Vizient Southern States Members Page,https://www.vizientsouthernstates.com/members,,2026-04-19,Piedmont Newnan,Piedmont Newnan,hospital,,,confirmed_member,Listed under confirmed member,Listed on Vizient SS members page: Piedmont Newnan,1.0,Vizient,1.0,True,,html,2026-04-19T23:08:00.022999
Vizient Southern States Members Page,https://www.vizientsouthernstates.com/members,,2026-04-19,Piedmont Newton,Piedmont Newton,hospital,,,confirmed_member,Listed under confirmed member,Listed on Vizient SS members page: Piedmont Newton,1.0,Vizient,1.0,True,,html,2026-04-19T23:08:00.023085
Vizient Southern States Members Page,https://www.vizientsouthernstates.com/members,,2026-04-19,Piedmont Northside Campus,Piedmont Northside Campus,hospital,,,confirmed_member,Listed under confirmed member,Listed on Vizient SS members page: Piedmont Northside Campus,1.0,Vizient,1.0,True,,html,2026-04-19T23:08:00.023178
Vizient Southern States Members Page,https://www.vizientsouthernstates.com/members,,2026-04-19,Piedmont Rockdale,Piedmont Rockdale,hospital,,,confirmed_member,Listed under confirmed member,Listed on Vizient SS members page: Piedmont Rockdale,1.0,Vizient,1.0,True,,html,2026-04-19T23:08:00.023262
Vizient Southern States Members Page,https://www.vizientsouthernstates.com/members,,2026-04-19,Piedmont Walton,Piedmont Walton,hospital,,,confirmed_member,Listed under confirmed member,Listed on Vizient SS members page: Piedmont Walton,1.0,Vizient,1.0,True,,html,2026-04-19T23:08:00.023346
Vizient Southern States Members Page,https://www.vizientsouthernstates.com/members,,2026-04-19,Singing River Health System,Singing River Health System,hospital,,,confirmed_member,Listed under confirmed member,Listed on Vizient SS members page: Singing River Health System,1.0,Vizient,1.0,True,,html,2026-04-19T23:08:00.023488
Vizient Southern States Members Page,https://www.vizientsouthernstates.com/members,,2026-04-19,Ocean Springs Hospital,Ocean Springs Hospital,hospital,,,confirmed_member,Listed under confirmed member,Listed on Vizient SS members page: Ocean Springs Hospital,1.0,Vizient,1.0,True,,html,2026-04-19T23:08:00.023639
Vizient Southern States Members Page,https://www.vizientsouthernstates.com/members,,2026-04-19,Singing River Gulfport,Singing River Gulfport,hospital,,,confirmed_member,Listed under confirmed member,Listed on Vizient SS members page: Singing River Gulfport,1.0,Vizient,1.0,True,,html,2026-04-19T23:08:00.023728
Vizient Southern States Members Page,https://www.vizientsouthernstates.com/members,,2026-04-19,Singing River Hospital,Singing River Hospital,hospital,,,confirmed_member,Listed under confirmed member,Listed on Vizient SS members page: Singing River Hospital,1.0,Vizient,1.0,True,,html,2026-04-19T23:08:00.023821
Vizient Southern States Members Page,https://www.vizientsouthernstates.com/members,,2026-04-19,SGMC Health,SGMC Health,hospital,,,confirmed_member,Listed under confirmed member,Listed on Vizient SS members page: SGMC Health,1.0,Vizient,1.0,True,,html,2026-04-19T23:08:00.023960
Vizient Southern States Members Page,https://www.vizientsouthernstates.com/members,,2026-04-19,SGMC Health Berrien,SGMC Health Berrien,hospital,,,confirmed_member,Listed under confirmed member,Listed on Vizient SS members page: SGMC Health Berrien,1.0,Vizient,1.0,True,,html,2026-04-19T23:08:00.024043
Vizient Southern States Members Page,https://www.vizientsouthernstates.com/members,,2026-04-19,SGMC Health Lanier,SGMC Health Lanier,hospital,,,confirmed_member,Listed under confirmed member,Listed on Vizient SS members page: SGMC Health Lanier,1.0,Vizient,1.0,True,,html,2026-04-19T23:08:00.024126
Vizient Southern States Members Page,https://www.vizientsouthernstates.com/members,,2026-04-19,SGMC Health Main,SGMC Health Main,hospital,,,confirmed_member,Listed under confirmed member,Listed on Vizient SS members page: SGMC Health Main,1.0,Vizient,1.0,True,,html,2026-04-19T23:08:00.024208
Vizient Southern States Members Page,https://www.vizientsouthernstates.com/members,,2026-04-19,SGMC Health Smith Northview,SGMC Health Smith Northview,hospital,,,confirmed_member,Listed under confirmed member,Listed on Vizient SS members page: SGMC Health Smith Northview,1.0,Vizient,1.0,True,,html,2026-04-19T23:08:00.024291
Vizient Southern States Members Page,https://www.vizientsouthernstates.com/members,,2026-04-19,Southeast Georgia Health System,Southeast Georgia Health System,hospital,,,confirmed_member,Listed under confirmed member,Listed on Vizient SS members page: Southeast Georgia Health System,1.0,Vizient,1.0,True,,html,2026-04-19T23:08:00.024426
Vizient Southern States Members Page,https://www.vizientsouthernstates.com/members,,2026-04-19,Southeast Georgia Health System - Brunswick Campus,Southeast Georgia Health System - Brunswick Campus,hospital,,,confirmed_member,Listed under confirmed member,Listed on Vizient SS members page: Southeast Georgia Health System - Brunswick Campus,1.0,Vizient,1.0,True,,html,2026-04-19T23:08:00.024548
Vizient Southern States Members Page,https://www.vizientsouthernstates.com/members,,2026-04-19,Southeast Georgia Health System - Camden Campus,Southeast Georgia Health System - Camden Campus,hospital,,,confirmed_member,Listed under confirmed member,Listed on Vizient SS members page: Southeast Georgia Health System - Camden Campus,1.0,Vizient,1.0,True,,html,2026-04-19T23:08:00.024654
Vizient Southern States Members Page,https://www.vizientsouthernstates.com/members,,2026-04-19,"Southwell, Inc.","Southwell, Inc.",hospital,,,confirmed_member,Listed under confirmed member,"Listed on Vizient SS members page: Southwell, Inc.",1.0,Vizient,1.0,True,,html,2026-04-19T23:08:00.024800
Vizient Southern States Members Page,https://www.vizientsouthernstates.com/members,,2026-04-19,Southwell Medical,Southwell Medical,hospital,,,confirmed_member,Listed under confirmed member,Listed on Vizient SS members page: Southwell Medical,1.0,Vizient,1.0,True,,html,2026-04-19T23:08:00.024962
Vizient Southern States Members Page,https://www.vizientsouthernstates.com/members,,2026-04-19,Tift Regional Medical Center,Tift Regional Medical Center,hospital,,,confirmed_member,Listed under confirmed member,Listed on Vizient SS members page: Tift Regional Medical Center,1.0,Vizient,1.0,True,,html,2026-04-19T23:08:00.025052
Vizient Southern States Members Page,https://www.vizientsouthernstates.com/members,,2026-04-19,Southwest Mississippi Regional Medical Center,Southwest Mississippi Regional Medical Center,hospital,,,confirmed_member,Listed under confirmed member,Listed on Vizient SS members page: Southwest Mississippi Regional Medical Center,1.0,Vizient,1.0,True,,html,2026-04-19T23:08:00.025190
Vizient Southern States Members Page,https://www.vizientsouthernstates.com/members,,2026-04-19,Lawrence County Hospital,Lawrence County Hospital,hospital,,,confirmed_member,Listed under confirmed member,Listed on Vizient SS members page: Lawrence County Hospital,1.0,Vizient,1.0,True,,html,2026-04-19T23:08:00.025365
Vizient Southern States Members Page,https://www.vizientsouthernstates.com/members,,2026-04-19,St. Tammany Health System,St. Tammany Health System,hospital,,,confirmed_member,Listed under confirmed member,Listed on Vizient SS members page: St. Tammany Health System,1.0,Vizient,1.0,True,,html,2026-04-19T23:08:00.025533
Vizient Southern States Members Page,https://www.vizientsouthernstates.com/members,,2026-04-19,Vitruvian Health,Vitruvian Health,hospital,,,confirmed_member,Listed under confirmed member,Listed on Vizient SS members page: Vitruvian Health,1.0,Vizient,1.0,True,,html,2026-04-19T23:08:00.025697
Vizient Southern States Members Page,https://www.vizientsouthernstates.com/members,,2026-04-19,Bradley Medical Center,Bradley Medical Center,hospital,,,confirmed_member,Listed under confirmed member,Listed on Vizient SS members page: Bradley Medical Center,1.0,Vizient,1.0,True,,html,2026-04-19T23:08:00.025789
Vizient Southern States Members Page,https://www.vizientsouthernstates.com/members,,2026-04-19,Hamilton Medical Center,Hamilton Medical Center,hospital,,,confirmed_member,Listed under confirmed member,Listed on Vizient SS members page: Hamilton Medical Center,1.0,Vizient,1.0,True,,html,2026-04-19T23:08:00.025882
Vizient Southern States Members Page,https://www.vizientsouthernstates.com/members,,2026-04-19,Wellstar Health System,Wellstar Health System,hospital,,,confirmed_member,Listed under confirmed member,Listed on Vizient SS members page: Wellstar Health System,1.0,Vizient,1.0,True,,html,2026-04-19T23:08:00.026022
Vizient Southern States Members Page,https://www.vizientsouthernstates.com/members,,2026-04-19,Wellstar Augusta University Medical Center,Wellstar Augusta University Medical Center,hospital,,,confirmed_member,Listed under confirmed member,Listed on Vizient SS members page: Wellstar Augusta University Medical Center,1.0,Vizient,1.0,True,,html,2026-04-19T23:08:00.026106
Vizient Southern States Members Page,https://www.vizientsouthernstates.com/members,,2026-04-19,Wellstar Cobb Medical Center,Wellstar Cobb Medical Center,hospital,,,confirmed_member,Listed under confirmed member,Listed on Vizient SS members page: Wellstar Cobb Medical Center,1.0,Vizient,1.0,True,,html,2026-04-19T23:08:00.026199
Vizient Southern States Members Page,https://www.vizientsouthernstates.com/members,,2026-04-19,Wellstar Douglas Medical Center,Wellstar Douglas Medical Center,hospital,,,confirmed_member,Listed under confirmed member,Listed on Vizient SS members page: Wellstar Douglas Medical Center,1.0,Vizient,1.0,True,,html,2026-04-19T23:08:00.026284
Vizient Southern States Members Page,https://www.vizientsouthernstates.com/members,,2026-04-19,Wellstar Kennestone Medical Center,Wellstar Kennestone Medical Center,hospital,,,confirmed_member,Listed under confirmed member,Listed on Vizient SS members page: Wellstar Kennestone Medical Center,1.0,Vizient,1.0,True,,html,2026-04-19T23:08:00.026368
Vizient Southern States Members Page,https://www.vizientsouthernstates.com/members,,2026-04-19,Wellstar MCG Health Medical Center,Wellstar MCG Health Medical Center,hospital,,,confirmed_member,Listed under confirmed member,Listed on Vizient SS members page: Wellstar MCG Health Medical Center,1.0,Vizient,1.0,True,,html,2026-04-19T23:08:00.026450
Vizient Southern States Members Page,https://www.vizientsouthernstates.com/members,,2026-04-19,Wellstar North Fulton Medical Center,Wellstar North Fulton Medical Center,hospital,,,confirmed_member,Listed under confirmed member,Listed on Vizient SS members page: Wellstar North Fulton Medical Center,1.0,Vizient,1.0,True,,html,2026-04-19T23:08:00.026593
Vizient Southern States Members Page,https://www.vizientsouthernstates.com/members,,2026-04-19,Wellstar Paulding Medical Center,Wellstar Paulding Medical Center,hospital,,,confirmed_member,Listed under confirmed member,Listed on Vizient SS members page: Wellstar Paulding Medical Center,1.0,Vizient,1.0,True,,html,2026-04-19T23:08:00.026686
Vizient Southern States Members Page,https://www.vizientsouthernstates.com/members,,2026-04-19,Wellstar Spaulding Medical Center,Wellstar Spaulding Medical Center,hospital,,,confirmed_member,Listed under confirmed member,Listed on Vizient SS members page: Wellstar Spaulding Medical Center,1.0,Vizient,1.0,True,,html,2026-04-19T23:08:00.026781
Vizient Southern States Members Page,https://www.vizientsouthernstates.com/members,,2026-04-19,Wellstar Sylvan Grove Medical Center,Wellstar Sylvan Grove Medical Center,hospital,,,confirmed_member,Listed under confirmed member,Listed on Vizient SS members page: Wellstar Sylvan Grove Medical Center,1.0,Vizient,1.0,True,,html,2026-04-19T23:08:00.026901
Vizient Southern States Members Page,https://www.vizientsouthernstates.com/members,,2026-04-19,Wellstar West Georgia Medical Center,Wellstar West Georgia Medical Center,hospital,,,confirmed_member,Listed under confirmed member,Listed on Vizient SS members page: Wellstar West Georgia Medical Center,1.0,Vizient,1.0,True,,html,2026-04-19T23:08:00.027026
Vizient Southern States Members Page,https://www.vizientsouthernstates.com/members,,2026-04-19,Wellstar Windy Hill,Wellstar Windy Hill,hospital,,,confirmed_member,Listed under confirmed member,Listed on Vizient SS members page: Wellstar Windy Hill,1.0,Vizient,1.0,True,,html,2026-04-19T23:08:00.027111
Vizient Southern States Members Page,https://www.vizientsouthernstates.com/members,,2026-04-19,West Calcasieu Cameron Hospital,West Calcasieu Cameron Hospital,hospital,,,confirmed_member,Listed under confirmed member,Listed on Vizient SS members page: West Calcasieu Cameron Hospital,1.0,Vizient,1.0,True,,html,2026-04-19T23:08:00.027248
Vizient Southern States Members Page,https://www.vizientsouthernstates.com/members,,2026-04-19,Willis Knighton Health,Willis Knighton Health,hospital,,,confirmed_member,Listed under confirmed member,Listed on Vizient SS members page: Willis Knighton Health,1.0,Vizient,1.0,True,,html,2026-04-19T23:08:00.027386
Vizient Southern States Members Page,https://www.vizientsouthernstates.com/members,,2026-04-19,Willis Knighton Medical Center,Willis Knighton Medical Center,hospital,,,confirmed_member,Listed under confirmed member,Listed on Vizient SS members page: Willis Knighton Medical Center,1.0,Vizient,1.0,True,,html,2026-04-19T23:08:00.027475
Vizient Southern States Members Page,https://www.vizientsouthernstates.com/members,,2026-04-19,Willis Knighton South,Willis Knighton South,hospital,,,confirmed_member,Listed under confirmed member,Listed on Vizient SS members page: Willis Knighton South,1.0,Vizient,1.0,True,,html,2026-04-19T23:08:00.027647
Vizient Southern States Members Page,https://www.vizientsouthernstates.com/members,,2026-04-19,WK Bossier Health Center,WK Bossier Health Center,hospital,,,confirmed_member,Listed under confirmed member,Listed on Vizient SS members page: WK Bossier Health Center,1.0,Vizient,1.0,True,,html,2026-04-19T23:08:00.027739
Vizient Southern States Members Page,https://www.vizientsouthernstates.com/members,,2026-04-19,WK Peirremont Health Center,WK Peirremont Health Center,hospital,,,confirmed_member,Listed under confirmed member,Listed on Vizient SS members page: WK Peirremont Health Center,1.0,Vizient,1.0,True,,html,2026-04-19T23:08:00.027835
Vizient Southern States Members Page,https://www.vizientsouthernstates.com/members,,2026-04-19,Woman's Hospital,Woman's Hospital,hospital,,,confirmed_member,Listed under confirmed member,Listed on Vizient SS members page: Woman's Hospital,1.0,Vizient,1.0,True,,html,2026-04-19T23:08:00.028013
Vizient Southern States Members Page,https://www.vizientsouthernstates.com/members,,2026-04-19,Colquitt Regional Medical Center,Colquitt Regional Medical Center,hospital,,,regional_affiliate_member,Listed under regional affiliate member,Listed on Vizient SS members page: Colquitt Regional Medical Center,0.8,Vizient,0.8,False,,html,2026-04-19T23:08:00.028208
Vizient Southern States Members Page,https://www.vizientsouthernstates.com/members,,2026-04-19,"Partners Cooperative, Inc.","Partners Cooperative, Inc.",hospital,,,member_network_participant,Listed under member network participant,"Listed on Vizient SS members page: Partners Cooperative, Inc.",0.8,Vizient,0.8,False,,html,2026-04-19T23:08:00.028394
