distributor_name,organization_name_raw,organization_type,city,state,relationship_type,relationship_description,evidence_text_short,source_url,source_name,source_publish_date,source_access_date,confidence_score,is_confirmed_relationship,extraction_method,notes,normalized_organization_name
Medline,Kaweah Health,IDN,Visalia,CA,confirmed_supply,Exclusive provider of medical and surgical supplies,Exclusive provider of medical and surgical supplies,https://newsroom.medline.com/releases/kaweah-health-signs-medline-as-prime-vendor/,Medline Newsroom,2024-10-14,2026-04-19,1.0,True,expert_search,Confirmed by press release or official source,KAWEAH
Medline,Sutter Health,IDN,Sacramento,CA,confirmed_supply,Expanded med-surg PV to include lab and EVS,Expanded med-surg PV to include lab and EVS,https://newsroom.medline.com/releases/northern-california-based-sutter-health-extends-medline-prime-vendor-agreement-to-lab-and-evs/,Medline Newsroom,2024-11-19,2026-04-19,1.0,True,expert_search,Confirmed by press release or official source,SUTTER
Medline,PIH Health,IDN,Whittier,CA,confirmed_supply,Expanded PV to all points of care including labs and physician offices,Expanded PV to all points of care including labs and physician offices,https://newsroom.medline.com/releases/pih-health-medline-expand-prime-vendor-partnership-to-service-all-points-of-care/,Medline Newsroom,2024-02-14,2026-04-19,1.0,True,expert_search,Confirmed by press release or official source,PIH
Medline,Sullivan County Community Hospital,hospital,Sullivan,IN,confirmed_supply,Named Medline as Prime Vendor for 16 facilities,Named Medline as Prime Vendor for 16 facilities,https://newsroom.medline.com/press-releases/,Medline Newsroom,2026-04-07,2026-04-19,1.0,True,expert_search,Confirmed by press release or official source,SULLIVAN COUNTY COMMUNITY
Medline,LifeBridge Health,IDN,Baltimore,MD,confirmed_supply,Implemented PV agreement for 5 hospitals,Implemented PV agreement for 5 hospitals,https://www.publicnow.com/view/34AD1C390F7446DF9A9853D1B02C824CC69021C3,Medline Newsroom,2026-03-31,2026-04-19,1.0,True,expert_search,Confirmed by press release or official source,LIFEBRIDGE
Medline,O'Neill Healthcare,IDN,Cleveland,OH,confirmed_supply,Primary distributor for 6 senior care facilities,Primary distributor for 6 senior care facilities,https://respiratory-therapy.com/products-treatment/industry-regulatory-news/business-news/oneill-healthcare-awards-prime-vendor-business-to-medline/,Respiratory Therapy,2025-03-31,2026-04-19,1.0,True,expert_search,Confirmed by press release or official source,O'NEILL
Medline,"Urology, P.C.",ASC,Lincoln,NE,confirmed_supply,Medical surgical prime vendor for 18 clinics,Medical surgical prime vendor for 18 clinics,https://www.prnewswire.com/news-releases/medline-announces-prime-vendor-agreement-with-nebraska-based-urology-pc-302158181.html,PR Newswire,2024-05-29,2026-04-19,1.0,True,expert_search,Confirmed by press release or official source,UROLOGY PC
Medline,Jackson Hospital,hospital,Montgomery,AL,confirmed_supply,Named primary supplier for EVS products,Named primary supplier for EVS products,https://newsroom.medline.com/releases/jackson-hospital-inks-new-partnership-with-medline/,Medline Newsroom,2024-10-31,2026-04-19,1.0,True,expert_search,Confirmed by press release or official source,JACKSON
Medline,University of Utah Health,IDN,Salt Lake City,UT,confirmed_supply,Exclusive PV for medical supplies across continuum of care,Exclusive PV for medical supplies across continuum of care,https://newsroom.medline.com/releases/medline-announces-new-prime-vendor-partnership-with-university-of-utah-health/,Medline Newsroom,2023-11-07,2026-04-19,1.0,True,expert_search,Confirmed by press release or official source,UNIVERSITY OF UTAH
Medline,Lake Regional Health System,IDN,Osage Beach,MO,confirmed_supply,Exclusive provider of med-surg supplies,Exclusive provider of med-surg supplies,https://newsroom.medline.com/releases/lake-regional-health-system-enters-prime-vendor-agreement-with-medline/,Medline Newsroom,2023-06-13,2026-04-19,1.0,True,expert_search,Confirmed by press release or official source,LAKE REGIONAL
Medline,Tri-City Medical Center,hospital,Oceanside,CA,confirmed_supply,Multi-year PV partnership valued at $30M,Multi-year PV partnership valued at $30M,https://newsroom.medline.com/releases/tri-city-medical-center-names-medline-as-a-prime-vendor/,Medline Newsroom,2023-01-17,2026-04-19,1.0,True,expert_search,Confirmed by press release or official source,TRI-CITY
Medline,St. Joseph's/Candler,IDN,Savannah,GA,confirmed_supply,Lab prime vendor for hospital labs and 20+ clinical labs,Lab prime vendor for hospital labs and 20+ clinical labs,https://newsroom.medline.com/releases/st-josephs-candler-selects-medline-as-lab-prime-vendor/,Medline Newsroom,2023-10-17,2026-04-19,1.0,True,expert_search,Confirmed by press release or official source,ST JOSEPH'S/CANDLER
Medline,St. Luke's,IDN,Duluth,MN,confirmed_supply,Five-year primary supplier vendor agreement,Five-year primary supplier vendor agreement,https://newsroom.medline.com/releases/medline-signs-strategic-partnership-with-st-lukes-in-duluth-mn/,Medline Newsroom,2024-01-31,2026-04-19,1.0,True,expert_search,Confirmed by press release or official source,ST LUKE'S
Medline,The Ohio State University Wexner Medical Center,IDN,Columbus,OH,confirmed_supply,Prime vendor for med-surg supplies for 100+ facilities,Prime vendor for med-surg supplies for 100+ facilities,https://newsroom.medline.com/releases/medline-signs-prime-vendor-agreement-to-supply-the-ohio-state-university-wexner-medical-center/,Medline Newsroom,2025-06-04,2026-04-19,1.0,True,expert_search,Confirmed by press release or official source,OHIO STATE UNIVERSITY WEXNER
Medline,West Calcasieu Cameron Hospital,hospital,Sulphur,LA,confirmed_supply,Multi-year PV agreement,Multi-year PV agreement,https://newsroom.medline.com/releases/prime-vendor-calcasieu-cameron-hospital/,Medline Newsroom,2025-09-08,2026-04-19,1.0,True,expert_search,Confirmed by press release or official source,WEST CALCASIEU CAMERON
Medline,Hunterdon Health,IDN,Flemington,NJ,confirmed_supply,Multi-year PV distribution agreement,Multi-year PV distribution agreement,https://newsroom.medline.com/releases/hunterdon-health-prime-vendor/,Medline Newsroom,2025-09-23,2026-04-19,1.0,True,expert_search,Confirmed by press release or official source,HUNTERDON
Medline,LCMC Health,IDN,New Orleans,LA,confirmed_supply,"PV for 8 hospitals, 10 ERs, and 8 urgent care centers","PV for 8 hospitals, 10 ERs, and 8 urgent care centers",https://newsroom.medline.com/releases/lcmc-health-prime-vendor-medline/,Medline Newsroom,2025-09-17,2026-04-19,1.0,True,expert_search,Confirmed by press release or official source,LCMC
Medline,Marquis Companies,IDN,Portland,OR,confirmed_supply,"PV for 27 facilities in OR, CA, and NV","PV for 27 facilities in OR, CA, and NV",https://newsroom.medline.com/releases/marquis-companies-prime-vendor-medline/,Medline Newsroom,2025-10-28,2026-04-19,1.0,True,expert_search,Confirmed by press release or official source,MARQUIS COMPANIES
Medline,Carson Tahoe Health,IDN,Carson City,NV,confirmed_supply,Transitioned lab distribution to Medline,Transitioned lab distribution to Medline,https://newsroom.medline.com/releases/carson-tahoe-health-lab-prime-vendor/,Medline Newsroom,2025-12-02,2026-04-19,1.0,True,expert_search,Confirmed by press release or official source,CARSON TAHOE
Medline,Gila Regional Medical Center,hospital,Silver City,NM,confirmed_supply,Multi-year PV agreement for 25-bed critical access hospital,Multi-year PV agreement for 25-bed critical access hospital,https://newsroom.medline.com/releases/gila-regional-medical-center-awards-medline-prime-vendor-agreement/,Medline Newsroom,2025-08-11,2026-04-19,1.0,True,expert_search,Confirmed by press release or official source,GILA REGIONAL
Medline,CarDon & Associates,IDN,Bloomington,IN,confirmed_supply,PV for 20 communities,PV for 20 communities,https://www.publicnow.com/view/36C2733CD03FC0F317C5BCD66D49EC49BCB0CA60,Medline Newsroom,2026-03-24,2026-04-19,1.0,True,expert_search,Confirmed by press release or official source,CARDON & ASSOCIATES
Medline,Innovative Renal Care,IDN,National,US,confirmed_supply,Implemented PV agreement,Implemented PV agreement,https://newsroom.medline.com/releases/page/3/,Medline Newsroom,2026-01-07,2026-04-19,1.0,True,expert_search,Confirmed by press release or official source,INNOVATIVE RENAL CARE
Medline,Signature HealthCARE,IDN,National,US,confirmed_supply,PV agreement,PV agreement,https://newsroom.medline.com/releases/page/3/,Medline Newsroom,2025-12-29,2026-04-19,1.0,True,expert_search,Confirmed by press release or official source,SIGNATURE
Medline,Atlanta Women's Health Group,IDN,Atlanta,GA,confirmed_supply,Named Medline as Prime Vendor,Named Medline as Prime Vendor,https://newsroom.medline.com/releases/page/3/,Medline Newsroom,2026-01-16,2026-04-19,1.0,True,expert_search,Confirmed by press release or official source,ATLANTA WOMEN'S HEALTH
Medline,Johns Hopkins Medicine,IDN,Baltimore,MD,confirmed_supply,Five-year PV distribution agreement for 16 facilities,Five-year PV distribution agreement for 16 facilities,https://newsroom.medline.com/releases/johns-hopkins-medicine-awards-medline-prime-vendor-distribution-agreement/,Medline Newsroom,2017-06-13,2026-04-19,1.0,True,expert_search,Confirmed by press release or official source,JOHNS HOPKINS MEDICINE
Medline,CommonSpirit Health,IDN,Chicago,IL,confirmed_supply,Expanded prime vendor agreement valued at $1.5B annually,Expanded prime vendor agreement valued at $1.5B annually,https://matrixbcg.com/products/medline-marketing-mix,MatrixBCG,2024-01-01,2026-04-19,0.9,True,expert_search,Confirmed by press release or official source,COMMONSPIRIT
Medline,Northwestern Medicine,IDN,Chicago,IL,confirmed_supply,Long-standing PV and AI supply chain pilot partner,Long-standing PV and AI supply chain pilot partner,https://newsroom.medline.com/releases/medline-collaborates-with-northwestern-medicine-and-providence-on-next-generation-microsoft-based-ai-powered-supply-chain-solution/,Medline Newsroom,2025-10-01,2026-04-19,1.0,True,expert_search,Confirmed by press release or official source,NORTHWESTERN MEDICINE
Medline,Providence,IDN,Renton,WA,confirmed_supply,Long-standing PV and AI supply chain pilot partner,Long-standing PV and AI supply chain pilot partner,https://newsroom.medline.com/releases/medline-collaborates-with-northwestern-medicine-and-providence-on-next-generation-microsoft-based-ai-powered-supply-chain-solution/,Medline Newsroom,2025-10-01,2026-04-19,1.0,True,expert_search,Confirmed by press release or official source,PROVIDENCE
Medline,Mass General Brigham,IDN,Boston,MA,confirmed_supply,Exclusive PV for med-surg supplies after 25 years with previous vendor,Exclusive PV for med-surg supplies after 25 years with previous vendor,https://newsroom.medline.com/supply-chain/mass-general-brigham-selects-medline-as-strategic-vendor-for-medical-supplies/,Medline Newsroom,2023-02-27,2026-04-19,1.0,True,expert_search,Confirmed by press release or official source,MASS GENERAL BRIGHAM
Medline,Beacon Health System,IDN,South Bend,IN,confirmed_supply,PV lab agreement for 11 hospitals,PV lab agreement for 11 hospitals,https://www.jhconline.com/beacon-health-system-signs-prime-vendor-lab-agreement-with-medline.html,JHC Online,2025-12-19,2026-04-19,1.0,True,expert_search,Confirmed by press release or official source,BEACON
Medline,Mount Sinai Health System,IDN,New York,NY,confirmed_supply,$725M multi-year PV partnership across 8 hospital campuses,$725M multi-year PV partnership across 8 hospital campuses,https://healthnewsillinois.com/2022/03/29/mount-sinai-health-system-returns-to-medline-as-its-exclusive-medical-supplies-and-solutions-distributor/,Health News Illinois,2022-03-29,2026-04-19,1.0,True,expert_search,Confirmed by press release or official source,MOUNT SINAI
Medline,AdventHealth,IDN,Altamonte Springs,FL,confirmed_supply,Continued utilization as PV distributor for all medical and surgical supplies,Continued utilization as PV distributor for all medical and surgical supplies,https://www.adventhealth.com/news/adventhealth-medline-ink-unique-partnership-expand-supply-chain-resiliency,AdventHealth News,2024-05-14,2026-04-19,1.0,True,expert_search,Confirmed by press release or official source,ADVENTHEALTH
McKesson,Alameda Health System,IDN,Oakland,CA,confirmed_supply,Pharmacy Distribution agreement for 90%+ pharmaceuticals,Pharmacy Distribution agreement for 90%+ pharmaceuticals,https://www.alamedahealthsystem.org/wp-content/uploads/2025/08/2025-09-03-FIN-Boardbook-FINAL.pdf,Alameda Health System,2025-09-03,2026-04-19,1.0,True,expert_search,Confirmed by press release or official source,ALAMEDA
McKesson,CVS Caremark,retail pharmacy,National,US,confirmed_supply,Extended pharmacy distribution agreement thru June 2027,Extended pharmacy distribution agreement thru June 2027,https://hospitalogy.com/articles/2022-10-03/value-based-specialty-care-one-oncology-eom/,Hospitalogy,2022-10-03,2026-04-19,1.0,True,expert_search,Confirmed by press release or official source,CVS CAREMARK
Cardinal Health,NYC Health and Hospitals,IDN,New York,NY,confirmed_supply,Renewal of medical and surgical supply distribution for 5+2 years,Renewal of medical and surgical supply distribution for 5+2 years,https://hhinternet.blob.core.windows.net/uploads/2025/04/202504-executive.pdf,NYC Health + Hospitals,2025-04-08,2026-04-19,1.0,True,expert_search,Confirmed by press release or official source,NYC HEALTH AND HOSPITALS
McKesson,Department of Veterans Affairs,government,National,US,confirmed_supply,Prime Pharmaceutical Supplier to VA Healthcare System,Prime Pharmaceutical Supplier to VA Healthcare System,https://investor.mckesson.com/news/financial-news/2012/McKesson-Selected-by-Department-of-Veterans-Affairs-as-Prime-Pharmaceutical-Supplier-to-VA-Healthcare-System/default.aspx,McKesson Investor Relations,2012-05-01,2026-04-19,1.0,True,expert_search,Confirmed by press release or official source,DEPARTMENT OF VETERANS AFFAIRS
Medline,CHI Health Lakeside,hospital,Omaha,NE,confirmed_supply,CommonSpirit Health IDN Prime Vendor Distribution,CommonSpirit Health IDN Prime Vendor Distribution,https://matrixbcg.com/products/medline-marketing-mix,MatrixBCG,2024-01-01,2026-04-19,0.9,True,expert_search,Confirmed by press release or official source,CHI HEALTH LAKESIDE
Medline,CHI Health St. Elizabeth,hospital,Lincoln,NE,confirmed_supply,CommonSpirit Health IDN Prime Vendor Distribution,CommonSpirit Health IDN Prime Vendor Distribution,https://matrixbcg.com/products/medline-marketing-mix,MatrixBCG,2024-01-01,2026-04-19,0.9,True,expert_search,Confirmed by press release or official source,CHI HEALTH ST ELIZABETH
Medline,CommonSpirit Holy Cross Hospital-Jordan Valley,hospital,West Jordan,UT,confirmed_supply,CommonSpirit Health IDN Prime Vendor Distribution,CommonSpirit Health IDN Prime Vendor Distribution,https://matrixbcg.com/products/medline-marketing-mix,MatrixBCG,2024-01-01,2026-04-19,0.9,True,expert_search,Confirmed by press release or official source,COMMONSPIRIT HOLY CROSS HOSPITAL-JORDAN VALLEY
Medline,Marian Regional Medical Center,hospital,Santa Maria,CA,confirmed_supply,CommonSpirit Health IDN Prime Vendor Distribution,CommonSpirit Health IDN Prime Vendor Distribution,https://matrixbcg.com/products/medline-marketing-mix,MatrixBCG,2024-01-01,2026-04-19,0.9,True,expert_search,Confirmed by press release or official source,MARIAN REGIONAL
Medline,Mercy Medical Center Merced,hospital,Merced,CA,confirmed_supply,CommonSpirit Health IDN Prime Vendor Distribution,CommonSpirit Health IDN Prime Vendor Distribution,https://matrixbcg.com/products/medline-marketing-mix,MatrixBCG,2024-01-01,2026-04-19,0.9,True,expert_search,Confirmed by press release or official source,MERCY MEDICAL CENTER MERCED
Medline,Mercy San Juan Medical Center,hospital,Carmichael,CA,confirmed_supply,CommonSpirit Health IDN Prime Vendor Distribution,CommonSpirit Health IDN Prime Vendor Distribution,https://matrixbcg.com/products/medline-marketing-mix,MatrixBCG,2024-01-01,2026-04-19,0.9,True,expert_search,Confirmed by press release or official source,MERCY SAN JUAN
Medline,Methodist Hospital of Sacramento,hospital,Sacramento,CA,confirmed_supply,CommonSpirit Health IDN Prime Vendor Distribution,CommonSpirit Health IDN Prime Vendor Distribution,https://matrixbcg.com/products/medline-marketing-mix,MatrixBCG,2024-01-01,2026-04-19,0.9,True,expert_search,Confirmed by press release or official source,METHODIST HOSPITAL OF SACRAMENTO
Medline,Northridge Hospital Medical Center,hospital,Northridge,CA,confirmed_supply,CommonSpirit Health IDN Prime Vendor Distribution,CommonSpirit Health IDN Prime Vendor Distribution,https://matrixbcg.com/products/medline-marketing-mix,MatrixBCG,2024-01-01,2026-04-19,0.9,True,expert_search,Confirmed by press release or official source,NORTHRIDGE
Medline,OrthoColorado Hospital,hospital,Lakewood,CO,confirmed_supply,CommonSpirit Health IDN Prime Vendor Distribution,CommonSpirit Health IDN Prime Vendor Distribution,https://matrixbcg.com/products/medline-marketing-mix,MatrixBCG,2024-01-01,2026-04-19,0.9,True,expert_search,Confirmed by press release or official source,ORTHOCOLORADO
Medline,Saint Rose Dominican Hospitals Siena,hospital,Henderson,NV,confirmed_supply,CommonSpirit Health IDN Prime Vendor Distribution,CommonSpirit Health IDN Prime Vendor Distribution,https://matrixbcg.com/products/medline-marketing-mix,MatrixBCG,2024-01-01,2026-04-19,0.9,True,expert_search,Confirmed by press release or official source,SAINT ROSE DOMINICAN HOSPITALS SIENA
Medline,Sequoia Hospital,hospital,Redwood City,CA,confirmed_supply,CommonSpirit Health IDN Prime Vendor Distribution,CommonSpirit Health IDN Prime Vendor Distribution,https://matrixbcg.com/products/medline-marketing-mix,MatrixBCG,2024-01-01,2026-04-19,0.9,True,expert_search,Confirmed by press release or official source,SEQUOIA
Medline,St. Luke's Health-Memorial Hospital-Lufkin,hospital,Lufkin,TX,confirmed_supply,CommonSpirit Health IDN Prime Vendor Distribution,CommonSpirit Health IDN Prime Vendor Distribution,https://matrixbcg.com/products/medline-marketing-mix,MatrixBCG,2024-01-01,2026-04-19,0.9,True,expert_search,Confirmed by press release or official source,ST LUKE'S HEALTH-MEMORIAL HOSPITAL-LUFKIN
Medline,Woodland Memorial Hospital,hospital,Woodland,CA,confirmed_supply,CommonSpirit Health IDN Prime Vendor Distribution,CommonSpirit Health IDN Prime Vendor Distribution,https://matrixbcg.com/products/medline-marketing-mix,MatrixBCG,2024-01-01,2026-04-19,0.9,True,expert_search,Confirmed by press release or official source,WOODLAND MEMORIAL
Medline,AdventHealth Orlando,hospital,Various,FL,confirmed_supply,AdventHealth IDN Prime Vendor Distribution,AdventHealth IDN Prime Vendor Distribution,https://www.adventhealth.com/news/adventhealth-medline-ink-unique-partnership-expand-supply-chain-resiliency,AdventHealth News,2024-05-14,2026-04-19,1.0,True,expert_search,Confirmed by press release or official source,ADVENTHEALTH ORLANDO
Medline,AdventHealth Altamonte Springs,hospital,Various,FL,confirmed_supply,AdventHealth IDN Prime Vendor Distribution,AdventHealth IDN Prime Vendor Distribution,https://www.adventhealth.com/news/adventhealth-medline-ink-unique-partnership-expand-supply-chain-resiliency,AdventHealth News,2024-05-14,2026-04-19,1.0,True,expert_search,Confirmed by press release or official source,ADVENTHEALTH ALTAMONTE SPRINGS
Medline,AdventHealth Apopka,hospital,Various,FL,confirmed_supply,AdventHealth IDN Prime Vendor Distribution,AdventHealth IDN Prime Vendor Distribution,https://www.adventhealth.com/news/adventhealth-medline-ink-unique-partnership-expand-supply-chain-resiliency,AdventHealth News,2024-05-14,2026-04-19,1.0,True,expert_search,Confirmed by press release or official source,ADVENTHEALTH APOPKA
Medline,AdventHealth Celebration,hospital,Various,FL,confirmed_supply,AdventHealth IDN Prime Vendor Distribution,AdventHealth IDN Prime Vendor Distribution,https://www.adventhealth.com/news/adventhealth-medline-ink-unique-partnership-expand-supply-chain-resiliency,AdventHealth News,2024-05-14,2026-04-19,1.0,True,expert_search,Confirmed by press release or official source,ADVENTHEALTH CELEBRATION
Medline,AdventHealth Connerton,hospital,Various,FL,confirmed_supply,AdventHealth IDN Prime Vendor Distribution,AdventHealth IDN Prime Vendor Distribution,https://www.adventhealth.com/news/adventhealth-medline-ink-unique-partnership-expand-supply-chain-resiliency,AdventHealth News,2024-05-14,2026-04-19,1.0,True,expert_search,Confirmed by press release or official source,ADVENTHEALTH CONNERTON
Medline,AdventHealth Daytona Beach,hospital,Various,FL,confirmed_supply,AdventHealth IDN Prime Vendor Distribution,AdventHealth IDN Prime Vendor Distribution,https://www.adventhealth.com/news/adventhealth-medline-ink-unique-partnership-expand-supply-chain-resiliency,AdventHealth News,2024-05-14,2026-04-19,1.0,True,expert_search,Confirmed by press release or official source,ADVENTHEALTH DAYTONA BEACH
Medline,AdventHealth DeLand,hospital,Various,FL,confirmed_supply,AdventHealth IDN Prime Vendor Distribution,AdventHealth IDN Prime Vendor Distribution,https://www.adventhealth.com/news/adventhealth-medline-ink-unique-partnership-expand-supply-chain-resiliency,AdventHealth News,2024-05-14,2026-04-19,1.0,True,expert_search,Confirmed by press release or official source,ADVENTHEALTH DELAND
Medline,AdventHealth East Orlando,hospital,Various,FL,confirmed_supply,AdventHealth IDN Prime Vendor Distribution,AdventHealth IDN Prime Vendor Distribution,https://www.adventhealth.com/news/adventhealth-medline-ink-unique-partnership-expand-supply-chain-resiliency,AdventHealth News,2024-05-14,2026-04-19,1.0,True,expert_search,Confirmed by press release or official source,ADVENTHEALTH EAST ORLANDO
Medline,AdventHealth Fish Memorial,hospital,Various,FL,confirmed_supply,AdventHealth IDN Prime Vendor Distribution,AdventHealth IDN Prime Vendor Distribution,https://www.adventhealth.com/news/adventhealth-medline-ink-unique-partnership-expand-supply-chain-resiliency,AdventHealth News,2024-05-14,2026-04-19,1.0,True,expert_search,Confirmed by press release or official source,ADVENTHEALTH FISH MEMORIAL
Medline,AdventHealth Heart of Florida,hospital,Various,FL,confirmed_supply,AdventHealth IDN Prime Vendor Distribution,AdventHealth IDN Prime Vendor Distribution,https://www.adventhealth.com/news/adventhealth-medline-ink-unique-partnership-expand-supply-chain-resiliency,AdventHealth News,2024-05-14,2026-04-19,1.0,True,expert_search,Confirmed by press release or official source,ADVENTHEALTH HEART OF FLORIDA
Medline,AdventHealth Kissimmee,hospital,Various,FL,confirmed_supply,AdventHealth IDN Prime Vendor Distribution,AdventHealth IDN Prime Vendor Distribution,https://www.adventhealth.com/news/adventhealth-medline-ink-unique-partnership-expand-supply-chain-resiliency,AdventHealth News,2024-05-14,2026-04-19,1.0,True,expert_search,Confirmed by press release or official source,ADVENTHEALTH KISSIMMEE
Medline,AdventHealth Lake Mary,hospital,Various,FL,confirmed_supply,AdventHealth IDN Prime Vendor Distribution,AdventHealth IDN Prime Vendor Distribution,https://www.adventhealth.com/news/adventhealth-medline-ink-unique-partnership-expand-supply-chain-resiliency,AdventHealth News,2024-05-14,2026-04-19,1.0,True,expert_search,Confirmed by press release or official source,ADVENTHEALTH LAKE MARY
Medline,AdventHealth Lake Placid,hospital,Various,FL,confirmed_supply,AdventHealth IDN Prime Vendor Distribution,AdventHealth IDN Prime Vendor Distribution,https://www.adventhealth.com/news/adventhealth-medline-ink-unique-partnership-expand-supply-chain-resiliency,AdventHealth News,2024-05-14,2026-04-19,1.0,True,expert_search,Confirmed by press release or official source,ADVENTHEALTH LAKE PLACID
Medline,AdventHealth New Smyrna Beach,hospital,Various,FL,confirmed_supply,AdventHealth IDN Prime Vendor Distribution,AdventHealth IDN Prime Vendor Distribution,https://www.adventhealth.com/news/adventhealth-medline-ink-unique-partnership-expand-supply-chain-resiliency,AdventHealth News,2024-05-14,2026-04-19,1.0,True,expert_search,Confirmed by press release or official source,ADVENTHEALTH NEW SMYRNA BEACH
Medline,AdventHealth North Pinellas,hospital,Various,FL,confirmed_supply,AdventHealth IDN Prime Vendor Distribution,AdventHealth IDN Prime Vendor Distribution,https://www.adventhealth.com/news/adventhealth-medline-ink-unique-partnership-expand-supply-chain-resiliency,AdventHealth News,2024-05-14,2026-04-19,1.0,True,expert_search,Confirmed by press release or official source,ADVENTHEALTH NORTH PINELLAS
Medline,AdventHealth Ocala,hospital,Various,FL,confirmed_supply,AdventHealth IDN Prime Vendor Distribution,AdventHealth IDN Prime Vendor Distribution,https://www.adventhealth.com/news/adventhealth-medline-ink-unique-partnership-expand-supply-chain-resiliency,AdventHealth News,2024-05-14,2026-04-19,1.0,True,expert_search,Confirmed by press release or official source,ADVENTHEALTH OCALA
Medline,AdventHealth Palm Coast,hospital,Various,FL,confirmed_supply,AdventHealth IDN Prime Vendor Distribution,AdventHealth IDN Prime Vendor Distribution,https://www.adventhealth.com/news/adventhealth-medline-ink-unique-partnership-expand-supply-chain-resiliency,AdventHealth News,2024-05-14,2026-04-19,1.0,True,expert_search,Confirmed by press release or official source,ADVENTHEALTH PALM COAST
Medline,AdventHealth Sebring,hospital,Various,FL,confirmed_supply,AdventHealth IDN Prime Vendor Distribution,AdventHealth IDN Prime Vendor Distribution,https://www.adventhealth.com/news/adventhealth-medline-ink-unique-partnership-expand-supply-chain-resiliency,AdventHealth News,2024-05-14,2026-04-19,1.0,True,expert_search,Confirmed by press release or official source,ADVENTHEALTH SEBRING
Medline,AdventHealth Tampa,hospital,Various,FL,confirmed_supply,AdventHealth IDN Prime Vendor Distribution,AdventHealth IDN Prime Vendor Distribution,https://www.adventhealth.com/news/adventhealth-medline-ink-unique-partnership-expand-supply-chain-resiliency,AdventHealth News,2024-05-14,2026-04-19,1.0,True,expert_search,Confirmed by press release or official source,ADVENTHEALTH TAMPA
Medline,AdventHealth Waterman,hospital,Various,FL,confirmed_supply,AdventHealth IDN Prime Vendor Distribution,AdventHealth IDN Prime Vendor Distribution,https://www.adventhealth.com/news/adventhealth-medline-ink-unique-partnership-expand-supply-chain-resiliency,AdventHealth News,2024-05-14,2026-04-19,1.0,True,expert_search,Confirmed by press release or official source,ADVENTHEALTH WATERMAN
Medline,AdventHealth Winter Park,hospital,Various,FL,confirmed_supply,AdventHealth IDN Prime Vendor Distribution,AdventHealth IDN Prime Vendor Distribution,https://www.adventhealth.com/news/adventhealth-medline-ink-unique-partnership-expand-supply-chain-resiliency,AdventHealth News,2024-05-14,2026-04-19,1.0,True,expert_search,Confirmed by press release or official source,ADVENTHEALTH WINTER PARK
Medline,AdventHealth Zephyrhills,hospital,Various,FL,confirmed_supply,AdventHealth IDN Prime Vendor Distribution,AdventHealth IDN Prime Vendor Distribution,https://www.adventhealth.com/news/adventhealth-medline-ink-unique-partnership-expand-supply-chain-resiliency,AdventHealth News,2024-05-14,2026-04-19,1.0,True,expert_search,Confirmed by press release or official source,ADVENTHEALTH ZEPHYRHILLS
Medline,Bedford VAMC,hospital,Various,Various,confirmed_supply,VA MSPV 2.0 / Gen-Z VISN 1 Primary Prime Vendor,Awarded MSPV 2.0 contract for VISN 1,https://news.va.gov/press-room/va-awards-medical-surgical-prime-vendor-2-0-contracts-for-distribution-and-supply-management-services-to-provide-veteran-health-care/,VA News,2020-10-23,2026-04-19,1.0,True,va_mspv_mapping,Mapped from VISN award,BEDFORD VAMC
Medline,Boston VAMC,hospital,Various,Various,confirmed_supply,VA MSPV 2.0 / Gen-Z VISN 1 Primary Prime Vendor,Awarded MSPV 2.0 contract for VISN 1,https://news.va.gov/press-room/va-awards-medical-surgical-prime-vendor-2-0-contracts-for-distribution-and-supply-management-services-to-provide-veteran-health-care/,VA News,2020-10-23,2026-04-19,1.0,True,va_mspv_mapping,Mapped from VISN award,BOSTON VAMC
Medline,Connecticut VAMC,hospital,Various,Various,confirmed_supply,VA MSPV 2.0 / Gen-Z VISN 1 Primary Prime Vendor,Awarded MSPV 2.0 contract for VISN 1,https://news.va.gov/press-room/va-awards-medical-surgical-prime-vendor-2-0-contracts-for-distribution-and-supply-management-services-to-provide-veteran-health-care/,VA News,2020-10-23,2026-04-19,1.0,True,va_mspv_mapping,Mapped from VISN award,CONNECTICUT VAMC
Medline,Manchester VAMC,hospital,Various,Various,confirmed_supply,VA MSPV 2.0 / Gen-Z VISN 1 Primary Prime Vendor,Awarded MSPV 2.0 contract for VISN 1,https://news.va.gov/press-room/va-awards-medical-surgical-prime-vendor-2-0-contracts-for-distribution-and-supply-management-services-to-provide-veteran-health-care/,VA News,2020-10-23,2026-04-19,1.0,True,va_mspv_mapping,Mapped from VISN award,MANCHESTER VAMC
Medline,Providence VAMC,hospital,Various,Various,confirmed_supply,VA MSPV 2.0 / Gen-Z VISN 1 Primary Prime Vendor,Awarded MSPV 2.0 contract for VISN 1,https://news.va.gov/press-room/va-awards-medical-surgical-prime-vendor-2-0-contracts-for-distribution-and-supply-management-services-to-provide-veteran-health-care/,VA News,2020-10-23,2026-04-19,1.0,True,va_mspv_mapping,Mapped from VISN award,PROVIDENCE VAMC
Medline,Togus VAMC,hospital,Various,Various,confirmed_supply,VA MSPV 2.0 / Gen-Z VISN 1 Primary Prime Vendor,Awarded MSPV 2.0 contract for VISN 1,https://news.va.gov/press-room/va-awards-medical-surgical-prime-vendor-2-0-contracts-for-distribution-and-supply-management-services-to-provide-veteran-health-care/,VA News,2020-10-23,2026-04-19,1.0,True,va_mspv_mapping,Mapped from VISN award,TOGUS VAMC
Medline,White River Junction VAMC,hospital,Various,Various,confirmed_supply,VA MSPV 2.0 / Gen-Z VISN 1 Primary Prime Vendor,Awarded MSPV 2.0 contract for VISN 1,https://news.va.gov/press-room/va-awards-medical-surgical-prime-vendor-2-0-contracts-for-distribution-and-supply-management-services-to-provide-veteran-health-care/,VA News,2020-10-23,2026-04-19,1.0,True,va_mspv_mapping,Mapped from VISN award,WHITE RIVER JUNCTION VAMC
Medline,Northampton VAMC,hospital,Various,Various,confirmed_supply,VA MSPV 2.0 / Gen-Z VISN 1 Primary Prime Vendor,Awarded MSPV 2.0 contract for VISN 1,https://news.va.gov/press-room/va-awards-medical-surgical-prime-vendor-2-0-contracts-for-distribution-and-supply-management-services-to-provide-veteran-health-care/,VA News,2020-10-23,2026-04-19,1.0,True,va_mspv_mapping,Mapped from VISN award,NORTHAMPTON VAMC
Medline,Albany VAMC,hospital,Various,Various,confirmed_supply,VA MSPV 2.0 / Gen-Z VISN 2 Primary Prime Vendor,Awarded MSPV 2.0 contract for VISN 2,https://news.va.gov/press-room/va-awards-medical-surgical-prime-vendor-2-0-contracts-for-distribution-and-supply-management-services-to-provide-veteran-health-care/,VA News,2020-10-23,2026-04-19,1.0,True,va_mspv_mapping,Mapped from VISN award,ALBANY VAMC
Medline,Bath VAMC,hospital,Various,Various,confirmed_supply,VA MSPV 2.0 / Gen-Z VISN 2 Primary Prime Vendor,Awarded MSPV 2.0 contract for VISN 2,https://news.va.gov/press-room/va-awards-medical-surgical-prime-vendor-2-0-contracts-for-distribution-and-supply-management-services-to-provide-veteran-health-care/,VA News,2020-10-23,2026-04-19,1.0,True,va_mspv_mapping,Mapped from VISN award,BATH VAMC
Medline,Bronx VAMC,hospital,Various,Various,confirmed_supply,VA MSPV 2.0 / Gen-Z VISN 2 Primary Prime Vendor,Awarded MSPV 2.0 contract for VISN 2,https://news.va.gov/press-room/va-awards-medical-surgical-prime-vendor-2-0-contracts-for-distribution-and-supply-management-services-to-provide-veteran-health-care/,VA News,2020-10-23,2026-04-19,1.0,True,va_mspv_mapping,Mapped from VISN award,BRONX VAMC
Medline,Buffalo VAMC,hospital,Various,Various,confirmed_supply,VA MSPV 2.0 / Gen-Z VISN 2 Primary Prime Vendor,Awarded MSPV 2.0 contract for VISN 2,https://news.va.gov/press-room/va-awards-medical-surgical-prime-vendor-2-0-contracts-for-distribution-and-supply-management-services-to-provide-veteran-health-care/,VA News,2020-10-23,2026-04-19,1.0,True,va_mspv_mapping,Mapped from VISN award,BUFFALO VAMC
Medline,Canandaigua VAMC,hospital,Various,Various,confirmed_supply,VA MSPV 2.0 / Gen-Z VISN 2 Primary Prime Vendor,Awarded MSPV 2.0 contract for VISN 2,https://news.va.gov/press-room/va-awards-medical-surgical-prime-vendor-2-0-contracts-for-distribution-and-supply-management-services-to-provide-veteran-health-care/,VA News,2020-10-23,2026-04-19,1.0,True,va_mspv_mapping,Mapped from VISN award,CANANDAIGUA VAMC
Medline,Hudson Valley VAMC,hospital,Various,Various,confirmed_supply,VA MSPV 2.0 / Gen-Z VISN 2 Primary Prime Vendor,Awarded MSPV 2.0 contract for VISN 2,https://news.va.gov/press-room/va-awards-medical-surgical-prime-vendor-2-0-contracts-for-distribution-and-supply-management-services-to-provide-veteran-health-care/,VA News,2020-10-23,2026-04-19,1.0,True,va_mspv_mapping,Mapped from VISN award,HUDSON VALLEY VAMC
Medline,New Jersey VAMC,hospital,Various,Various,confirmed_supply,VA MSPV 2.0 / Gen-Z VISN 2 Primary Prime Vendor,Awarded MSPV 2.0 contract for VISN 2,https://news.va.gov/press-room/va-awards-medical-surgical-prime-vendor-2-0-contracts-for-distribution-and-supply-management-services-to-provide-veteran-health-care/,VA News,2020-10-23,2026-04-19,1.0,True,va_mspv_mapping,Mapped from VISN award,NEW JERSEY VAMC
Medline,New York Harbor VAMC,hospital,Various,Various,confirmed_supply,VA MSPV 2.0 / Gen-Z VISN 2 Primary Prime Vendor,Awarded MSPV 2.0 contract for VISN 2,https://news.va.gov/press-room/va-awards-medical-surgical-prime-vendor-2-0-contracts-for-distribution-and-supply-management-services-to-provide-veteran-health-care/,VA News,2020-10-23,2026-04-19,1.0,True,va_mspv_mapping,Mapped from VISN award,NEW YORK HARBOR VAMC
Medline,Northport VAMC,hospital,Various,Various,confirmed_supply,VA MSPV 2.0 / Gen-Z VISN 2 Primary Prime Vendor,Awarded MSPV 2.0 contract for VISN 2,https://news.va.gov/press-room/va-awards-medical-surgical-prime-vendor-2-0-contracts-for-distribution-and-supply-management-services-to-provide-veteran-health-care/,VA News,2020-10-23,2026-04-19,1.0,True,va_mspv_mapping,Mapped from VISN award,NORTHPORT VAMC
Medline,Syracuse VAMC,hospital,Various,Various,confirmed_supply,VA MSPV 2.0 / Gen-Z VISN 2 Primary Prime Vendor,Awarded MSPV 2.0 contract for VISN 2,https://news.va.gov/press-room/va-awards-medical-surgical-prime-vendor-2-0-contracts-for-distribution-and-supply-management-services-to-provide-veteran-health-care/,VA News,2020-10-23,2026-04-19,1.0,True,va_mspv_mapping,Mapped from VISN award,SYRACUSE VAMC
Medline,Altoona VAMC,hospital,Various,Various,confirmed_supply,VA MSPV 2.0 / Gen-Z VISN 4 Primary Prime Vendor,Awarded MSPV 2.0 contract for VISN 4,https://news.va.gov/press-room/va-awards-medical-surgical-prime-vendor-2-0-contracts-for-distribution-and-supply-management-services-to-provide-veteran-health-care/,VA News,2020-10-23,2026-04-19,1.0,True,va_mspv_mapping,Mapped from VISN award,ALTOONA VAMC
Medline,Butler VAMC,hospital,Various,Various,confirmed_supply,VA MSPV 2.0 / Gen-Z VISN 4 Primary Prime Vendor,Awarded MSPV 2.0 contract for VISN 4,https://news.va.gov/press-room/va-awards-medical-surgical-prime-vendor-2-0-contracts-for-distribution-and-supply-management-services-to-provide-veteran-health-care/,VA News,2020-10-23,2026-04-19,1.0,True,va_mspv_mapping,Mapped from VISN award,BUTLER VAMC
Medline,Coatesville VAMC,hospital,Various,Various,confirmed_supply,VA MSPV 2.0 / Gen-Z VISN 4 Primary Prime Vendor,Awarded MSPV 2.0 contract for VISN 4,https://news.va.gov/press-room/va-awards-medical-surgical-prime-vendor-2-0-contracts-for-distribution-and-supply-management-services-to-provide-veteran-health-care/,VA News,2020-10-23,2026-04-19,1.0,True,va_mspv_mapping,Mapped from VISN award,COATESVILLE VAMC
Medline,Erie VAMC,hospital,Various,Various,confirmed_supply,VA MSPV 2.0 / Gen-Z VISN 4 Primary Prime Vendor,Awarded MSPV 2.0 contract for VISN 4,https://news.va.gov/press-room/va-awards-medical-surgical-prime-vendor-2-0-contracts-for-distribution-and-supply-management-services-to-provide-veteran-health-care/,VA News,2020-10-23,2026-04-19,1.0,True,va_mspv_mapping,Mapped from VISN award,ERIE VAMC
Medline,Lebanon VAMC,hospital,Various,Various,confirmed_supply,VA MSPV 2.0 / Gen-Z VISN 4 Primary Prime Vendor,Awarded MSPV 2.0 contract for VISN 4,https://news.va.gov/press-room/va-awards-medical-surgical-prime-vendor-2-0-contracts-for-distribution-and-supply-management-services-to-provide-veteran-health-care/,VA News,2020-10-23,2026-04-19,1.0,True,va_mspv_mapping,Mapped from VISN award,LEBANON VAMC
Medline,Philadelphia VAMC,hospital,Various,Various,confirmed_supply,VA MSPV 2.0 / Gen-Z VISN 4 Primary Prime Vendor,Awarded MSPV 2.0 contract for VISN 4,https://news.va.gov/press-room/va-awards-medical-surgical-prime-vendor-2-0-contracts-for-distribution-and-supply-management-services-to-provide-veteran-health-care/,VA News,2020-10-23,2026-04-19,1.0,True,va_mspv_mapping,Mapped from VISN award,PHILADELPHIA VAMC
Medline,Pittsburgh VAMC,hospital,Various,Various,confirmed_supply,VA MSPV 2.0 / Gen-Z VISN 4 Primary Prime Vendor,Awarded MSPV 2.0 contract for VISN 4,https://news.va.gov/press-room/va-awards-medical-surgical-prime-vendor-2-0-contracts-for-distribution-and-supply-management-services-to-provide-veteran-health-care/,VA News,2020-10-23,2026-04-19,1.0,True,va_mspv_mapping,Mapped from VISN award,PITTSBURGH VAMC
Medline,Wilkes-Barre VAMC,hospital,Various,Various,confirmed_supply,VA MSPV 2.0 / Gen-Z VISN 4 Primary Prime Vendor,Awarded MSPV 2.0 contract for VISN 4,https://news.va.gov/press-room/va-awards-medical-surgical-prime-vendor-2-0-contracts-for-distribution-and-supply-management-services-to-provide-veteran-health-care/,VA News,2020-10-23,2026-04-19,1.0,True,va_mspv_mapping,Mapped from VISN award,WILKES-BARRE VAMC
Medline,Wilmington VAMC,hospital,Various,Various,confirmed_supply,VA MSPV 2.0 / Gen-Z VISN 4 Primary Prime Vendor,Awarded MSPV 2.0 contract for VISN 4,https://news.va.gov/press-room/va-awards-medical-surgical-prime-vendor-2-0-contracts-for-distribution-and-supply-management-services-to-provide-veteran-health-care/,VA News,2020-10-23,2026-04-19,1.0,True,va_mspv_mapping,Mapped from VISN award,WILMINGTON VAMC
Cardinal Health,Washington DC VAMC,hospital,Various,Various,confirmed_supply,VA MSPV 2.0 / Gen-Z VISN 5 Primary Prime Vendor,Awarded MSPV 2.0 contract for VISN 5,https://news.va.gov/press-room/va-awards-medical-surgical-prime-vendor-2-0-contracts-for-distribution-and-supply-management-services-to-provide-veteran-health-care/,VA News,2020-10-23,2026-04-19,1.0,True,va_mspv_mapping,Mapped from VISN award,WASHINGTON DC VAMC
Cardinal Health,Martinsburg VAMC,hospital,Various,Various,confirmed_supply,VA MSPV 2.0 / Gen-Z VISN 5 Primary Prime Vendor,Awarded MSPV 2.0 contract for VISN 5,https://news.va.gov/press-room/va-awards-medical-surgical-prime-vendor-2-0-contracts-for-distribution-and-supply-management-services-to-provide-veteran-health-care/,VA News,2020-10-23,2026-04-19,1.0,True,va_mspv_mapping,Mapped from VISN award,MARTINSBURG VAMC
Cardinal Health,Maryland VAMC,hospital,Various,Various,confirmed_supply,VA MSPV 2.0 / Gen-Z VISN 5 Primary Prime Vendor,Awarded MSPV 2.0 contract for VISN 5,https://news.va.gov/press-room/va-awards-medical-surgical-prime-vendor-2-0-contracts-for-distribution-and-supply-management-services-to-provide-veteran-health-care/,VA News,2020-10-23,2026-04-19,1.0,True,va_mspv_mapping,Mapped from VISN award,MARYLAND VAMC
Cardinal Health,Beckley VAMC,hospital,Various,Various,confirmed_supply,VA MSPV 2.0 / Gen-Z VISN 5 Primary Prime Vendor,Awarded MSPV 2.0 contract for VISN 5,https://news.va.gov/press-room/va-awards-medical-surgical-prime-vendor-2-0-contracts-for-distribution-and-supply-management-services-to-provide-veteran-health-care/,VA News,2020-10-23,2026-04-19,1.0,True,va_mspv_mapping,Mapped from VISN award,BECKLEY VAMC
Cardinal Health,Clarksburg VAMC,hospital,Various,Various,confirmed_supply,VA MSPV 2.0 / Gen-Z VISN 5 Primary Prime Vendor,Awarded MSPV 2.0 contract for VISN 5,https://news.va.gov/press-room/va-awards-medical-surgical-prime-vendor-2-0-contracts-for-distribution-and-supply-management-services-to-provide-veteran-health-care/,VA News,2020-10-23,2026-04-19,1.0,True,va_mspv_mapping,Mapped from VISN award,CLARKSBURG VAMC
Cardinal Health,Asheville VAMC,hospital,Various,Various,confirmed_supply,VA MSPV 2.0 / Gen-Z VISN 6 Primary Prime Vendor,Awarded MSPV 2.0 contract for VISN 6,https://news.va.gov/press-room/va-awards-medical-surgical-prime-vendor-2-0-contracts-for-distribution-and-supply-management-services-to-provide-veteran-health-care/,VA News,2020-10-23,2026-04-19,1.0,True,va_mspv_mapping,Mapped from VISN award,ASHEVILLE VAMC
Cardinal Health,Durham VAMC,hospital,Various,Various,confirmed_supply,VA MSPV 2.0 / Gen-Z VISN 6 Primary Prime Vendor,Awarded MSPV 2.0 contract for VISN 6,https://news.va.gov/press-room/va-awards-medical-surgical-prime-vendor-2-0-contracts-for-distribution-and-supply-management-services-to-provide-veteran-health-care/,VA News,2020-10-23,2026-04-19,1.0,True,va_mspv_mapping,Mapped from VISN award,DURHAM VAMC
Cardinal Health,Fayetteville VAMC,hospital,Various,Various,confirmed_supply,VA MSPV 2.0 / Gen-Z VISN 6 Primary Prime Vendor,Awarded MSPV 2.0 contract for VISN 6,https://news.va.gov/press-room/va-awards-medical-surgical-prime-vendor-2-0-contracts-for-distribution-and-supply-management-services-to-provide-veteran-health-care/,VA News,2020-10-23,2026-04-19,1.0,True,va_mspv_mapping,Mapped from VISN award,FAYETTEVILLE VAMC
Cardinal Health,Hampton VAMC,hospital,Various,Various,confirmed_supply,VA MSPV 2.0 / Gen-Z VISN 6 Primary Prime Vendor,Awarded MSPV 2.0 contract for VISN 6,https://news.va.gov/press-room/va-awards-medical-surgical-prime-vendor-2-0-contracts-for-distribution-and-supply-management-services-to-provide-veteran-health-care/,VA News,2020-10-23,2026-04-19,1.0,True,va_mspv_mapping,Mapped from VISN award,HAMPTON VAMC
Cardinal Health,Richmond VAMC,hospital,Various,Various,confirmed_supply,VA MSPV 2.0 / Gen-Z VISN 6 Primary Prime Vendor,Awarded MSPV 2.0 contract for VISN 6,https://news.va.gov/press-room/va-awards-medical-surgical-prime-vendor-2-0-contracts-for-distribution-and-supply-management-services-to-provide-veteran-health-care/,VA News,2020-10-23,2026-04-19,1.0,True,va_mspv_mapping,Mapped from VISN award,RICHMOND VAMC
Cardinal Health,Salem VAMC,hospital,Various,Various,confirmed_supply,VA MSPV 2.0 / Gen-Z VISN 6 Primary Prime Vendor,Awarded MSPV 2.0 contract for VISN 6,https://news.va.gov/press-room/va-awards-medical-surgical-prime-vendor-2-0-contracts-for-distribution-and-supply-management-services-to-provide-veteran-health-care/,VA News,2020-10-23,2026-04-19,1.0,True,va_mspv_mapping,Mapped from VISN award,SALEM VAMC
Cardinal Health,Salisbury VAMC,hospital,Various,Various,confirmed_supply,VA MSPV 2.0 / Gen-Z VISN 6 Primary Prime Vendor,Awarded MSPV 2.0 contract for VISN 6,https://news.va.gov/press-room/va-awards-medical-surgical-prime-vendor-2-0-contracts-for-distribution-and-supply-management-services-to-provide-veteran-health-care/,VA News,2020-10-23,2026-04-19,1.0,True,va_mspv_mapping,Mapped from VISN award,SALISBURY VAMC
Cardinal Health,Atlanta VAMC,hospital,Various,Various,confirmed_supply,VA MSPV 2.0 / Gen-Z VISN 7 Primary Prime Vendor,Awarded MSPV 2.0 contract for VISN 7,https://news.va.gov/press-room/va-awards-medical-surgical-prime-vendor-2-0-contracts-for-distribution-and-supply-management-services-to-provide-veteran-health-care/,VA News,2020-10-23,2026-04-19,1.0,True,va_mspv_mapping,Mapped from VISN award,ATLANTA VAMC
Cardinal Health,Augusta VAMC,hospital,Various,Various,confirmed_supply,VA MSPV 2.0 / Gen-Z VISN 7 Primary Prime Vendor,Awarded MSPV 2.0 contract for VISN 7,https://news.va.gov/press-room/va-awards-medical-surgical-prime-vendor-2-0-contracts-for-distribution-and-supply-management-services-to-provide-veteran-health-care/,VA News,2020-10-23,2026-04-19,1.0,True,va_mspv_mapping,Mapped from VISN award,AUGUSTA VAMC
Cardinal Health,Birmingham VAMC,hospital,Various,Various,confirmed_supply,VA MSPV 2.0 / Gen-Z VISN 7 Primary Prime Vendor,Awarded MSPV 2.0 contract for VISN 7,https://news.va.gov/press-room/va-awards-medical-surgical-prime-vendor-2-0-contracts-for-distribution-and-supply-management-services-to-provide-veteran-health-care/,VA News,2020-10-23,2026-04-19,1.0,True,va_mspv_mapping,Mapped from VISN award,BIRMINGHAM VAMC
Cardinal Health,Central Alabama VAMC,hospital,Various,Various,confirmed_supply,VA MSPV 2.0 / Gen-Z VISN 7 Primary Prime Vendor,Awarded MSPV 2.0 contract for VISN 7,https://news.va.gov/press-room/va-awards-medical-surgical-prime-vendor-2-0-contracts-for-distribution-and-supply-management-services-to-provide-veteran-health-care/,VA News,2020-10-23,2026-04-19,1.0,True,va_mspv_mapping,Mapped from VISN award,CENTRAL ALABAMA VAMC
Cardinal Health,Charleston VAMC,hospital,Various,Various,confirmed_supply,VA MSPV 2.0 / Gen-Z VISN 7 Primary Prime Vendor,Awarded MSPV 2.0 contract for VISN 7,https://news.va.gov/press-room/va-awards-medical-surgical-prime-vendor-2-0-contracts-for-distribution-and-supply-management-services-to-provide-veteran-health-care/,VA News,2020-10-23,2026-04-19,1.0,True,va_mspv_mapping,Mapped from VISN award,CHARLESTON VAMC
Cardinal Health,Dublin VAMC,hospital,Various,Various,confirmed_supply,VA MSPV 2.0 / Gen-Z VISN 7 Primary Prime Vendor,Awarded MSPV 2.0 contract for VISN 7,https://news.va.gov/press-room/va-awards-medical-surgical-prime-vendor-2-0-contracts-for-distribution-and-supply-management-services-to-provide-veteran-health-care/,VA News,2020-10-23,2026-04-19,1.0,True,va_mspv_mapping,Mapped from VISN award,DUBLIN VAMC
Cardinal Health,Tuscaloosa VAMC,hospital,Various,Various,confirmed_supply,VA MSPV 2.0 / Gen-Z VISN 7 Primary Prime Vendor,Awarded MSPV 2.0 contract for VISN 7,https://news.va.gov/press-room/va-awards-medical-surgical-prime-vendor-2-0-contracts-for-distribution-and-supply-management-services-to-provide-veteran-health-care/,VA News,2020-10-23,2026-04-19,1.0,True,va_mspv_mapping,Mapped from VISN award,TUSCALOOSA VAMC
Cardinal Health,Bay Pines VAMC,hospital,Various,Various,confirmed_supply,VA MSPV 2.0 / Gen-Z VISN 8 Primary Prime Vendor,Awarded MSPV 2.0 contract for VISN 8,https://news.va.gov/press-room/va-awards-medical-surgical-prime-vendor-2-0-contracts-for-distribution-and-supply-management-services-to-provide-veteran-health-care/,VA News,2020-10-23,2026-04-19,1.0,True,va_mspv_mapping,Mapped from VISN award,BAY PINES VAMC
Cardinal Health,Miami VAMC,hospital,Various,Various,confirmed_supply,VA MSPV 2.0 / Gen-Z VISN 8 Primary Prime Vendor,Awarded MSPV 2.0 contract for VISN 8,https://news.va.gov/press-room/va-awards-medical-surgical-prime-vendor-2-0-contracts-for-distribution-and-supply-management-services-to-provide-veteran-health-care/,VA News,2020-10-23,2026-04-19,1.0,True,va_mspv_mapping,Mapped from VISN award,MIAMI VAMC
Cardinal Health,Orlando VAMC,hospital,Various,Various,confirmed_supply,VA MSPV 2.0 / Gen-Z VISN 8 Primary Prime Vendor,Awarded MSPV 2.0 contract for VISN 8,https://news.va.gov/press-room/va-awards-medical-surgical-prime-vendor-2-0-contracts-for-distribution-and-supply-management-services-to-provide-veteran-health-care/,VA News,2020-10-23,2026-04-19,1.0,True,va_mspv_mapping,Mapped from VISN award,ORLANDO VAMC
Cardinal Health,Puerto Rico VAMC,hospital,Various,Various,confirmed_supply,VA MSPV 2.0 / Gen-Z VISN 8 Primary Prime Vendor,Awarded MSPV 2.0 contract for VISN 8,https://news.va.gov/press-room/va-awards-medical-surgical-prime-vendor-2-0-contracts-for-distribution-and-supply-management-services-to-provide-veteran-health-care/,VA News,2020-10-23,2026-04-19,1.0,True,va_mspv_mapping,Mapped from VISN award,PUERTO RICO VAMC
Cardinal Health,Tampa VAMC,hospital,Various,Various,confirmed_supply,VA MSPV 2.0 / Gen-Z VISN 8 Primary Prime Vendor,Awarded MSPV 2.0 contract for VISN 8,https://news.va.gov/press-room/va-awards-medical-surgical-prime-vendor-2-0-contracts-for-distribution-and-supply-management-services-to-provide-veteran-health-care/,VA News,2020-10-23,2026-04-19,1.0,True,va_mspv_mapping,Mapped from VISN award,TAMPA VAMC
Cardinal Health,West Palm Beach VAMC,hospital,Various,Various,confirmed_supply,VA MSPV 2.0 / Gen-Z VISN 8 Primary Prime Vendor,Awarded MSPV 2.0 contract for VISN 8,https://news.va.gov/press-room/va-awards-medical-surgical-prime-vendor-2-0-contracts-for-distribution-and-supply-management-services-to-provide-veteran-health-care/,VA News,2020-10-23,2026-04-19,1.0,True,va_mspv_mapping,Mapped from VISN award,WEST PALM BEACH VAMC
Medline,Huntington VAMC,hospital,Various,Various,confirmed_supply,VA MSPV 2.0 / Gen-Z VISN 9 Primary Prime Vendor,Awarded MSPV 2.0 contract for VISN 9,https://news.va.gov/press-room/va-awards-medical-surgical-prime-vendor-2-0-contracts-for-distribution-and-supply-management-services-to-provide-veteran-health-care/,VA News,2020-10-23,2026-04-19,1.0,True,va_mspv_mapping,Mapped from VISN award,HUNTINGTON VAMC
Medline,Lexington VAMC,hospital,Various,Various,confirmed_supply,VA MSPV 2.0 / Gen-Z VISN 9 Primary Prime Vendor,Awarded MSPV 2.0 contract for VISN 9,https://news.va.gov/press-room/va-awards-medical-surgical-prime-vendor-2-0-contracts-for-distribution-and-supply-management-services-to-provide-veteran-health-care/,VA News,2020-10-23,2026-04-19,1.0,True,va_mspv_mapping,Mapped from VISN award,LEXINGTON VAMC
Medline,Louisville VAMC,hospital,Various,Various,confirmed_supply,VA MSPV 2.0 / Gen-Z VISN 9 Primary Prime Vendor,Awarded MSPV 2.0 contract for VISN 9,https://news.va.gov/press-room/va-awards-medical-surgical-prime-vendor-2-0-contracts-for-distribution-and-supply-management-services-to-provide-veteran-health-care/,VA News,2020-10-23,2026-04-19,1.0,True,va_mspv_mapping,Mapped from VISN award,LOUISVILLE VAMC
Medline,Memphis VAMC,hospital,Various,Various,confirmed_supply,VA MSPV 2.0 / Gen-Z VISN 9 Primary Prime Vendor,Awarded MSPV 2.0 contract for VISN 9,https://news.va.gov/press-room/va-awards-medical-surgical-prime-vendor-2-0-contracts-for-distribution-and-supply-management-services-to-provide-veteran-health-care/,VA News,2020-10-23,2026-04-19,1.0,True,va_mspv_mapping,Mapped from VISN award,MEMPHIS VAMC
Medline,Mountain Home VAMC,hospital,Various,Various,confirmed_supply,VA MSPV 2.0 / Gen-Z VISN 9 Primary Prime Vendor,Awarded MSPV 2.0 contract for VISN 9,https://news.va.gov/press-room/va-awards-medical-surgical-prime-vendor-2-0-contracts-for-distribution-and-supply-management-services-to-provide-veteran-health-care/,VA News,2020-10-23,2026-04-19,1.0,True,va_mspv_mapping,Mapped from VISN award,MOUNTAIN HOME VAMC
Medline,Nashville VAMC,hospital,Various,Various,confirmed_supply,VA MSPV 2.0 / Gen-Z VISN 9 Primary Prime Vendor,Awarded MSPV 2.0 contract for VISN 9,https://news.va.gov/press-room/va-awards-medical-surgical-prime-vendor-2-0-contracts-for-distribution-and-supply-management-services-to-provide-veteran-health-care/,VA News,2020-10-23,2026-04-19,1.0,True,va_mspv_mapping,Mapped from VISN award,NASHVILLE VAMC
Medline,Chicago VAMC,hospital,Various,Various,confirmed_supply,VA MSPV 2.0 / Gen-Z VISN 12 Primary Prime Vendor,Awarded MSPV 2.0 contract for VISN 12,https://news.va.gov/press-room/va-awards-medical-surgical-prime-vendor-2-0-contracts-for-distribution-and-supply-management-services-to-provide-veteran-health-care/,VA News,2020-10-23,2026-04-19,1.0,True,va_mspv_mapping,Mapped from VISN award,CHICAGO VAMC
Medline,Danville VAMC,hospital,Various,Various,confirmed_supply,VA MSPV 2.0 / Gen-Z VISN 12 Primary Prime Vendor,Awarded MSPV 2.0 contract for VISN 12,https://news.va.gov/press-room/va-awards-medical-surgical-prime-vendor-2-0-contracts-for-distribution-and-supply-management-services-to-provide-veteran-health-care/,VA News,2020-10-23,2026-04-19,1.0,True,va_mspv_mapping,Mapped from VISN award,DANVILLE VAMC
Medline,Hines VAMC,hospital,Various,Various,confirmed_supply,VA MSPV 2.0 / Gen-Z VISN 12 Primary Prime Vendor,Awarded MSPV 2.0 contract for VISN 12,https://news.va.gov/press-room/va-awards-medical-surgical-prime-vendor-2-0-contracts-for-distribution-and-supply-management-services-to-provide-veteran-health-care/,VA News,2020-10-23,2026-04-19,1.0,True,va_mspv_mapping,Mapped from VISN award,HINES VAMC
Medline,Iron Mountain VAMC,hospital,Various,Various,confirmed_supply,VA MSPV 2.0 / Gen-Z VISN 12 Primary Prime Vendor,Awarded MSPV 2.0 contract for VISN 12,https://news.va.gov/press-room/va-awards-medical-surgical-prime-vendor-2-0-contracts-for-distribution-and-supply-management-services-to-provide-veteran-health-care/,VA News,2020-10-23,2026-04-19,1.0,True,va_mspv_mapping,Mapped from VISN award,IRON MOUNTAIN VAMC
Medline,Madison VAMC,hospital,Various,Various,confirmed_supply,VA MSPV 2.0 / Gen-Z VISN 12 Primary Prime Vendor,Awarded MSPV 2.0 contract for VISN 12,https://news.va.gov/press-room/va-awards-medical-surgical-prime-vendor-2-0-contracts-for-distribution-and-supply-management-services-to-provide-veteran-health-care/,VA News,2020-10-23,2026-04-19,1.0,True,va_mspv_mapping,Mapped from VISN award,MADISON VAMC
Medline,Milwaukee VAMC,hospital,Various,Various,confirmed_supply,VA MSPV 2.0 / Gen-Z VISN 12 Primary Prime Vendor,Awarded MSPV 2.0 contract for VISN 12,https://news.va.gov/press-room/va-awards-medical-surgical-prime-vendor-2-0-contracts-for-distribution-and-supply-management-services-to-provide-veteran-health-care/,VA News,2020-10-23,2026-04-19,1.0,True,va_mspv_mapping,Mapped from VISN award,MILWAUKEE VAMC
Medline,North Chicago VAMC,hospital,Various,Various,confirmed_supply,VA MSPV 2.0 / Gen-Z VISN 12 Primary Prime Vendor,Awarded MSPV 2.0 contract for VISN 12,https://news.va.gov/press-room/va-awards-medical-surgical-prime-vendor-2-0-contracts-for-distribution-and-supply-management-services-to-provide-veteran-health-care/,VA News,2020-10-23,2026-04-19,1.0,True,va_mspv_mapping,Mapped from VISN award,NORTH CHICAGO VAMC
Medline,Tomah VAMC,hospital,Various,Various,confirmed_supply,VA MSPV 2.0 / Gen-Z VISN 12 Primary Prime Vendor,Awarded MSPV 2.0 contract for VISN 12,https://news.va.gov/press-room/va-awards-medical-surgical-prime-vendor-2-0-contracts-for-distribution-and-supply-management-services-to-provide-veteran-health-care/,VA News,2020-10-23,2026-04-19,1.0,True,va_mspv_mapping,Mapped from VISN award,TOMAH VAMC
Medline,Columbia VAMC,hospital,Various,Various,confirmed_supply,VA MSPV 2.0 / Gen-Z VISN 15 Primary Prime Vendor,Awarded MSPV 2.0 contract for VISN 15,https://news.va.gov/press-room/va-awards-medical-surgical-prime-vendor-2-0-contracts-for-distribution-and-supply-management-services-to-provide-veteran-health-care/,VA News,2020-10-23,2026-04-19,1.0,True,va_mspv_mapping,Mapped from VISN award,COLUMBIA VAMC
Medline,Eastern Kansas VAMC,hospital,Various,Various,confirmed_supply,VA MSPV 2.0 / Gen-Z VISN 15 Primary Prime Vendor,Awarded MSPV 2.0 contract for VISN 15,https://news.va.gov/press-room/va-awards-medical-surgical-prime-vendor-2-0-contracts-for-distribution-and-supply-management-services-to-provide-veteran-health-care/,VA News,2020-10-23,2026-04-19,1.0,True,va_mspv_mapping,Mapped from VISN award,EASTERN KANSAS VAMC
Medline,Kansas City VAMC,hospital,Various,Various,confirmed_supply,VA MSPV 2.0 / Gen-Z VISN 15 Primary Prime Vendor,Awarded MSPV 2.0 contract for VISN 15,https://news.va.gov/press-room/va-awards-medical-surgical-prime-vendor-2-0-contracts-for-distribution-and-supply-management-services-to-provide-veteran-health-care/,VA News,2020-10-23,2026-04-19,1.0,True,va_mspv_mapping,Mapped from VISN award,KANSAS CITY VAMC
Medline,Marion VAMC,hospital,Various,Various,confirmed_supply,VA MSPV 2.0 / Gen-Z VISN 15 Primary Prime Vendor,Awarded MSPV 2.0 contract for VISN 15,https://news.va.gov/press-room/va-awards-medical-surgical-prime-vendor-2-0-contracts-for-distribution-and-supply-management-services-to-provide-veteran-health-care/,VA News,2020-10-23,2026-04-19,1.0,True,va_mspv_mapping,Mapped from VISN award,MARION VAMC
Medline,Poplar Bluff VAMC,hospital,Various,Various,confirmed_supply,VA MSPV 2.0 / Gen-Z VISN 15 Primary Prime Vendor,Awarded MSPV 2.0 contract for VISN 15,https://news.va.gov/press-room/va-awards-medical-surgical-prime-vendor-2-0-contracts-for-distribution-and-supply-management-services-to-provide-veteran-health-care/,VA News,2020-10-23,2026-04-19,1.0,True,va_mspv_mapping,Mapped from VISN award,POPLAR BLUFF VAMC
Medline,St. Louis VAMC,hospital,Various,Various,confirmed_supply,VA MSPV 2.0 / Gen-Z VISN 15 Primary Prime Vendor,Awarded MSPV 2.0 contract for VISN 15,https://news.va.gov/press-room/va-awards-medical-surgical-prime-vendor-2-0-contracts-for-distribution-and-supply-management-services-to-provide-veteran-health-care/,VA News,2020-10-23,2026-04-19,1.0,True,va_mspv_mapping,Mapped from VISN award,ST LOUIS VAMC
Medline,Wichita VAMC,hospital,Various,Various,confirmed_supply,VA MSPV 2.0 / Gen-Z VISN 15 Primary Prime Vendor,Awarded MSPV 2.0 contract for VISN 15,https://news.va.gov/press-room/va-awards-medical-surgical-prime-vendor-2-0-contracts-for-distribution-and-supply-management-services-to-provide-veteran-health-care/,VA News,2020-10-23,2026-04-19,1.0,True,va_mspv_mapping,Mapped from VISN award,WICHITA VAMC
Cardinal Health,Alexandria VAMC,hospital,Various,Various,confirmed_supply,VA MSPV 2.0 / Gen-Z VISN 16 Primary Prime Vendor,Awarded MSPV 2.0 contract for VISN 16,https://news.va.gov/press-room/va-awards-medical-surgical-prime-vendor-2-0-contracts-for-distribution-and-supply-management-services-to-provide-veteran-health-care/,VA News,2020-10-23,2026-04-19,1.0,True,va_mspv_mapping,Mapped from VISN award,ALEXANDRIA VAMC
Cardinal Health,Central Arkansas VAMC,hospital,Various,Various,confirmed_supply,VA MSPV 2.0 / Gen-Z VISN 16 Primary Prime Vendor,Awarded MSPV 2.0 contract for VISN 16,https://news.va.gov/press-room/va-awards-medical-surgical-prime-vendor-2-0-contracts-for-distribution-and-supply-management-services-to-provide-veteran-health-care/,VA News,2020-10-23,2026-04-19,1.0,True,va_mspv_mapping,Mapped from VISN award,CENTRAL ARKANSAS VAMC
Cardinal Health,Fayetteville AR VAMC,hospital,Various,Various,confirmed_supply,VA MSPV 2.0 / Gen-Z VISN 16 Primary Prime Vendor,Awarded MSPV 2.0 contract for VISN 16,https://news.va.gov/press-room/va-awards-medical-surgical-prime-vendor-2-0-contracts-for-distribution-and-supply-management-services-to-provide-veteran-health-care/,VA News,2020-10-23,2026-04-19,1.0,True,va_mspv_mapping,Mapped from VISN award,FAYETTEVILLE AR VAMC
Cardinal Health,Gulf Coast VAMC,hospital,Various,Various,confirmed_supply,VA MSPV 2.0 / Gen-Z VISN 16 Primary Prime Vendor,Awarded MSPV 2.0 contract for VISN 16,https://news.va.gov/press-room/va-awards-medical-surgical-prime-vendor-2-0-contracts-for-distribution-and-supply-management-services-to-provide-veteran-health-care/,VA News,2020-10-23,2026-04-19,1.0,True,va_mspv_mapping,Mapped from VISN award,GULF COAST VAMC
Cardinal Health,Houston VAMC,hospital,Various,Various,confirmed_supply,VA MSPV 2.0 / Gen-Z VISN 16 Primary Prime Vendor,Awarded MSPV 2.0 contract for VISN 16,https://news.va.gov/press-room/va-awards-medical-surgical-prime-vendor-2-0-contracts-for-distribution-and-supply-management-services-to-provide-veteran-health-care/,VA News,2020-10-23,2026-04-19,1.0,True,va_mspv_mapping,Mapped from VISN award,HOUSTON VAMC
Cardinal Health,Jackson VAMC,hospital,Various,Various,confirmed_supply,VA MSPV 2.0 / Gen-Z VISN 16 Primary Prime Vendor,Awarded MSPV 2.0 contract for VISN 16,https://news.va.gov/press-room/va-awards-medical-surgical-prime-vendor-2-0-contracts-for-distribution-and-supply-management-services-to-provide-veteran-health-care/,VA News,2020-10-23,2026-04-19,1.0,True,va_mspv_mapping,Mapped from VISN award,JACKSON VAMC
Cardinal Health,Muskogee VAMC,hospital,Various,Various,confirmed_supply,VA MSPV 2.0 / Gen-Z VISN 16 Primary Prime Vendor,Awarded MSPV 2.0 contract for VISN 16,https://news.va.gov/press-room/va-awards-medical-surgical-prime-vendor-2-0-contracts-for-distribution-and-supply-management-services-to-provide-veteran-health-care/,VA News,2020-10-23,2026-04-19,1.0,True,va_mspv_mapping,Mapped from VISN award,MUSKOGEE VAMC
Cardinal Health,New Orleans VAMC,hospital,Various,Various,confirmed_supply,VA MSPV 2.0 / Gen-Z VISN 16 Primary Prime Vendor,Awarded MSPV 2.0 contract for VISN 16,https://news.va.gov/press-room/va-awards-medical-surgical-prime-vendor-2-0-contracts-for-distribution-and-supply-management-services-to-provide-veteran-health-care/,VA News,2020-10-23,2026-04-19,1.0,True,va_mspv_mapping,Mapped from VISN award,NEW ORLEANS VAMC
Cardinal Health,Oklahoma City VAMC,hospital,Various,Various,confirmed_supply,VA MSPV 2.0 / Gen-Z VISN 16 Primary Prime Vendor,Awarded MSPV 2.0 contract for VISN 16,https://news.va.gov/press-room/va-awards-medical-surgical-prime-vendor-2-0-contracts-for-distribution-and-supply-management-services-to-provide-veteran-health-care/,VA News,2020-10-23,2026-04-19,1.0,True,va_mspv_mapping,Mapped from VISN award,OKLAHOMA CITY VAMC
Cardinal Health,Shreveport VAMC,hospital,Various,Various,confirmed_supply,VA MSPV 2.0 / Gen-Z VISN 16 Primary Prime Vendor,Awarded MSPV 2.0 contract for VISN 16,https://news.va.gov/press-room/va-awards-medical-surgical-prime-vendor-2-0-contracts-for-distribution-and-supply-management-services-to-provide-veteran-health-care/,VA News,2020-10-23,2026-04-19,1.0,True,va_mspv_mapping,Mapped from VISN award,SHREVEPORT VAMC
Cardinal Health,Amarillo VAMC,hospital,Various,Various,confirmed_supply,VA MSPV 2.0 / Gen-Z VISN 17 Primary Prime Vendor,Awarded MSPV 2.0 contract for VISN 17,https://news.va.gov/press-room/va-awards-medical-surgical-prime-vendor-2-0-contracts-for-distribution-and-supply-management-services-to-provide-veteran-health-care/,VA News,2020-10-23,2026-04-19,1.0,True,va_mspv_mapping,Mapped from VISN award,AMARILLO VAMC
Cardinal Health,Central Texas VAMC,hospital,Various,Various,confirmed_supply,VA MSPV 2.0 / Gen-Z VISN 17 Primary Prime Vendor,Awarded MSPV 2.0 contract for VISN 17,https://news.va.gov/press-room/va-awards-medical-surgical-prime-vendor-2-0-contracts-for-distribution-and-supply-management-services-to-provide-veteran-health-care/,VA News,2020-10-23,2026-04-19,1.0,True,va_mspv_mapping,Mapped from VISN award,CENTRAL TEXAS VAMC
Cardinal Health,El Paso VAMC,hospital,Various,Various,confirmed_supply,VA MSPV 2.0 / Gen-Z VISN 17 Primary Prime Vendor,Awarded MSPV 2.0 contract for VISN 17,https://news.va.gov/press-room/va-awards-medical-surgical-prime-vendor-2-0-contracts-for-distribution-and-supply-management-services-to-provide-veteran-health-care/,VA News,2020-10-23,2026-04-19,1.0,True,va_mspv_mapping,Mapped from VISN award,EL PASO VAMC
Cardinal Health,South Texas VAMC,hospital,Various,Various,confirmed_supply,VA MSPV 2.0 / Gen-Z VISN 17 Primary Prime Vendor,Awarded MSPV 2.0 contract for VISN 17,https://news.va.gov/press-room/va-awards-medical-surgical-prime-vendor-2-0-contracts-for-distribution-and-supply-management-services-to-provide-veteran-health-care/,VA News,2020-10-23,2026-04-19,1.0,True,va_mspv_mapping,Mapped from VISN award,SOUTH TEXAS VAMC
Cardinal Health,Valley Coastal Bend VAMC,hospital,Various,Various,confirmed_supply,VA MSPV 2.0 / Gen-Z VISN 17 Primary Prime Vendor,Awarded MSPV 2.0 contract for VISN 17,https://news.va.gov/press-room/va-awards-medical-surgical-prime-vendor-2-0-contracts-for-distribution-and-supply-management-services-to-provide-veteran-health-care/,VA News,2020-10-23,2026-04-19,1.0,True,va_mspv_mapping,Mapped from VISN award,VALLEY COASTAL BEND VAMC
Cardinal Health,West Texas VAMC,hospital,Various,Various,confirmed_supply,VA MSPV 2.0 / Gen-Z VISN 17 Primary Prime Vendor,Awarded MSPV 2.0 contract for VISN 17,https://news.va.gov/press-room/va-awards-medical-surgical-prime-vendor-2-0-contracts-for-distribution-and-supply-management-services-to-provide-veteran-health-care/,VA News,2020-10-23,2026-04-19,1.0,True,va_mspv_mapping,Mapped from VISN award,WEST TEXAS VAMC
Medline,Cheyenne VAMC,hospital,Various,Various,confirmed_supply,VA MSPV 2.0 / Gen-Z VISN 19 Primary Prime Vendor,Awarded MSPV 2.0 contract for VISN 19,https://news.va.gov/press-room/va-awards-medical-surgical-prime-vendor-2-0-contracts-for-distribution-and-supply-management-services-to-provide-veteran-health-care/,VA News,2020-10-23,2026-04-19,1.0,True,va_mspv_mapping,Mapped from VISN award,CHEYENNE VAMC
Medline,Eastern Colorado VAMC,hospital,Various,Various,confirmed_supply,VA MSPV 2.0 / Gen-Z VISN 19 Primary Prime Vendor,Awarded MSPV 2.0 contract for VISN 19,https://news.va.gov/press-room/va-awards-medical-surgical-prime-vendor-2-0-contracts-for-distribution-and-supply-management-services-to-provide-veteran-health-care/,VA News,2020-10-23,2026-04-19,1.0,True,va_mspv_mapping,Mapped from VISN award,EASTERN COLORADO VAMC
Medline,Fort Harrison VAMC,hospital,Various,Various,confirmed_supply,VA MSPV 2.0 / Gen-Z VISN 19 Primary Prime Vendor,Awarded MSPV 2.0 contract for VISN 19,https://news.va.gov/press-room/va-awards-medical-surgical-prime-vendor-2-0-contracts-for-distribution-and-supply-management-services-to-provide-veteran-health-care/,VA News,2020-10-23,2026-04-19,1.0,True,va_mspv_mapping,Mapped from VISN award,FORT HARRISON VAMC
Medline,Grand Junction VAMC,hospital,Various,Various,confirmed_supply,VA MSPV 2.0 / Gen-Z VISN 19 Primary Prime Vendor,Awarded MSPV 2.0 contract for VISN 19,https://news.va.gov/press-room/va-awards-medical-surgical-prime-vendor-2-0-contracts-for-distribution-and-supply-management-services-to-provide-veteran-health-care/,VA News,2020-10-23,2026-04-19,1.0,True,va_mspv_mapping,Mapped from VISN award,GRAND JUNCTION VAMC
Medline,Salt Lake City VAMC,hospital,Various,Various,confirmed_supply,VA MSPV 2.0 / Gen-Z VISN 19 Primary Prime Vendor,Awarded MSPV 2.0 contract for VISN 19,https://news.va.gov/press-room/va-awards-medical-surgical-prime-vendor-2-0-contracts-for-distribution-and-supply-management-services-to-provide-veteran-health-care/,VA News,2020-10-23,2026-04-19,1.0,True,va_mspv_mapping,Mapped from VISN award,SALT LAKE CITY VAMC
Medline,Sheridan VAMC,hospital,Various,Various,confirmed_supply,VA MSPV 2.0 / Gen-Z VISN 19 Primary Prime Vendor,Awarded MSPV 2.0 contract for VISN 19,https://news.va.gov/press-room/va-awards-medical-surgical-prime-vendor-2-0-contracts-for-distribution-and-supply-management-services-to-provide-veteran-health-care/,VA News,2020-10-23,2026-04-19,1.0,True,va_mspv_mapping,Mapped from VISN award,SHERIDAN VAMC
Medline,Alaska VAMC,hospital,Various,Various,confirmed_supply,VA MSPV 2.0 / Gen-Z VISN 20 Primary Prime Vendor,Awarded MSPV 2.0 contract for VISN 20,https://news.va.gov/press-room/va-awards-medical-surgical-prime-vendor-2-0-contracts-for-distribution-and-supply-management-services-to-provide-veteran-health-care/,VA News,2020-10-23,2026-04-19,1.0,True,va_mspv_mapping,Mapped from VISN award,ALASKA VAMC
Medline,Boise VAMC,hospital,Various,Various,confirmed_supply,VA MSPV 2.0 / Gen-Z VISN 20 Primary Prime Vendor,Awarded MSPV 2.0 contract for VISN 20,https://news.va.gov/press-room/va-awards-medical-surgical-prime-vendor-2-0-contracts-for-distribution-and-supply-management-services-to-provide-veteran-health-care/,VA News,2020-10-23,2026-04-19,1.0,True,va_mspv_mapping,Mapped from VISN award,BOISE VAMC
Medline,Portland VAMC,hospital,Various,Various,confirmed_supply,VA MSPV 2.0 / Gen-Z VISN 20 Primary Prime Vendor,Awarded MSPV 2.0 contract for VISN 20,https://news.va.gov/press-room/va-awards-medical-surgical-prime-vendor-2-0-contracts-for-distribution-and-supply-management-services-to-provide-veteran-health-care/,VA News,2020-10-23,2026-04-19,1.0,True,va_mspv_mapping,Mapped from VISN award,PORTLAND VAMC
Medline,Puget Sound VAMC,hospital,Various,Various,confirmed_supply,VA MSPV 2.0 / Gen-Z VISN 20 Primary Prime Vendor,Awarded MSPV 2.0 contract for VISN 20,https://news.va.gov/press-room/va-awards-medical-surgical-prime-vendor-2-0-contracts-for-distribution-and-supply-management-services-to-provide-veteran-health-care/,VA News,2020-10-23,2026-04-19,1.0,True,va_mspv_mapping,Mapped from VISN award,PUGET SOUND VAMC
Medline,Roseburg VAMC,hospital,Various,Various,confirmed_supply,VA MSPV 2.0 / Gen-Z VISN 20 Primary Prime Vendor,Awarded MSPV 2.0 contract for VISN 20,https://news.va.gov/press-room/va-awards-medical-surgical-prime-vendor-2-0-contracts-for-distribution-and-supply-management-services-to-provide-veteran-health-care/,VA News,2020-10-23,2026-04-19,1.0,True,va_mspv_mapping,Mapped from VISN award,ROSEBURG VAMC
Medline,Spokane VAMC,hospital,Various,Various,confirmed_supply,VA MSPV 2.0 / Gen-Z VISN 20 Primary Prime Vendor,Awarded MSPV 2.0 contract for VISN 20,https://news.va.gov/press-room/va-awards-medical-surgical-prime-vendor-2-0-contracts-for-distribution-and-supply-management-services-to-provide-veteran-health-care/,VA News,2020-10-23,2026-04-19,1.0,True,va_mspv_mapping,Mapped from VISN award,SPOKANE VAMC
Medline,Walla Walla VAMC,hospital,Various,Various,confirmed_supply,VA MSPV 2.0 / Gen-Z VISN 20 Primary Prime Vendor,Awarded MSPV 2.0 contract for VISN 20,https://news.va.gov/press-room/va-awards-medical-surgical-prime-vendor-2-0-contracts-for-distribution-and-supply-management-services-to-provide-veteran-health-care/,VA News,2020-10-23,2026-04-19,1.0,True,va_mspv_mapping,Mapped from VISN award,WALLA WALLA VAMC
Medline,White City VAMC,hospital,Various,Various,confirmed_supply,VA MSPV 2.0 / Gen-Z VISN 20 Primary Prime Vendor,Awarded MSPV 2.0 contract for VISN 20,https://news.va.gov/press-room/va-awards-medical-surgical-prime-vendor-2-0-contracts-for-distribution-and-supply-management-services-to-provide-veteran-health-care/,VA News,2020-10-23,2026-04-19,1.0,True,va_mspv_mapping,Mapped from VISN award,WHITE CITY VAMC
Medline,Central California VAMC,hospital,Various,Various,confirmed_supply,VA MSPV 2.0 / Gen-Z VISN 21 Primary Prime Vendor,Awarded MSPV 2.0 contract for VISN 21,https://news.va.gov/press-room/va-awards-medical-surgical-prime-vendor-2-0-contracts-for-distribution-and-supply-management-services-to-provide-veteran-health-care/,VA News,2020-10-23,2026-04-19,1.0,True,va_mspv_mapping,Mapped from VISN award,CENTRAL CALIFORNIA VAMC
Medline,Northern California VAMC,hospital,Various,Various,confirmed_supply,VA MSPV 2.0 / Gen-Z VISN 21 Primary Prime Vendor,Awarded MSPV 2.0 contract for VISN 21,https://news.va.gov/press-room/va-awards-medical-surgical-prime-vendor-2-0-contracts-for-distribution-and-supply-management-services-to-provide-veteran-health-care/,VA News,2020-10-23,2026-04-19,1.0,True,va_mspv_mapping,Mapped from VISN award,NORTHERN CALIFORNIA VAMC
Medline,Palo Alto VAMC,hospital,Various,Various,confirmed_supply,VA MSPV 2.0 / Gen-Z VISN 21 Primary Prime Vendor,Awarded MSPV 2.0 contract for VISN 21,https://news.va.gov/press-room/va-awards-medical-surgical-prime-vendor-2-0-contracts-for-distribution-and-supply-management-services-to-provide-veteran-health-care/,VA News,2020-10-23,2026-04-19,1.0,True,va_mspv_mapping,Mapped from VISN award,PALO ALTO VAMC
Medline,San Francisco VAMC,hospital,Various,Various,confirmed_supply,VA MSPV 2.0 / Gen-Z VISN 21 Primary Prime Vendor,Awarded MSPV 2.0 contract for VISN 21,https://news.va.gov/press-room/va-awards-medical-surgical-prime-vendor-2-0-contracts-for-distribution-and-supply-management-services-to-provide-veteran-health-care/,VA News,2020-10-23,2026-04-19,1.0,True,va_mspv_mapping,Mapped from VISN award,SAN FRANCISCO VAMC
Medline,Sierra Nevada VAMC,hospital,Various,Various,confirmed_supply,VA MSPV 2.0 / Gen-Z VISN 21 Primary Prime Vendor,Awarded MSPV 2.0 contract for VISN 21,https://news.va.gov/press-room/va-awards-medical-surgical-prime-vendor-2-0-contracts-for-distribution-and-supply-management-services-to-provide-veteran-health-care/,VA News,2020-10-23,2026-04-19,1.0,True,va_mspv_mapping,Mapped from VISN award,SIERRA NEVADA VAMC
Medline,Honolulu VAMC,hospital,Various,Various,confirmed_supply,VA MSPV 2.0 / Gen-Z VISN 21 Primary Prime Vendor,Awarded MSPV 2.0 contract for VISN 21,https://news.va.gov/press-room/va-awards-medical-surgical-prime-vendor-2-0-contracts-for-distribution-and-supply-management-services-to-provide-veteran-health-care/,VA News,2020-10-23,2026-04-19,1.0,True,va_mspv_mapping,Mapped from VISN award,HONOLULU VAMC
Medline,Manila VAMC,hospital,Various,Various,confirmed_supply,VA MSPV 2.0 / Gen-Z VISN 21 Primary Prime Vendor,Awarded MSPV 2.0 contract for VISN 21,https://news.va.gov/press-room/va-awards-medical-surgical-prime-vendor-2-0-contracts-for-distribution-and-supply-management-services-to-provide-veteran-health-care/,VA News,2020-10-23,2026-04-19,1.0,True,va_mspv_mapping,Mapped from VISN award,MANILA VAMC
Cardinal Health,Greater LA VAMC,hospital,Various,Various,confirmed_supply,VA MSPV 2.0 / Gen-Z VISN 22 Primary Prime Vendor,Awarded MSPV 2.0 contract for VISN 22,https://news.va.gov/press-room/va-awards-medical-surgical-prime-vendor-2-0-contracts-for-distribution-and-supply-management-services-to-provide-veteran-health-care/,VA News,2020-10-23,2026-04-19,1.0,True,va_mspv_mapping,Mapped from VISN award,GREATER LA VAMC
Cardinal Health,Loma Linda VAMC,hospital,Various,Various,confirmed_supply,VA MSPV 2.0 / Gen-Z VISN 22 Primary Prime Vendor,Awarded MSPV 2.0 contract for VISN 22,https://news.va.gov/press-room/va-awards-medical-surgical-prime-vendor-2-0-contracts-for-distribution-and-supply-management-services-to-provide-veteran-health-care/,VA News,2020-10-23,2026-04-19,1.0,True,va_mspv_mapping,Mapped from VISN award,LOMA LINDA VAMC
Cardinal Health,New Mexico VAMC,hospital,Various,Various,confirmed_supply,VA MSPV 2.0 / Gen-Z VISN 22 Primary Prime Vendor,Awarded MSPV 2.0 contract for VISN 22,https://news.va.gov/press-room/va-awards-medical-surgical-prime-vendor-2-0-contracts-for-distribution-and-supply-management-services-to-provide-veteran-health-care/,VA News,2020-10-23,2026-04-19,1.0,True,va_mspv_mapping,Mapped from VISN award,NEW MEXICO VAMC
Cardinal Health,San Diego VAMC,hospital,Various,Various,confirmed_supply,VA MSPV 2.0 / Gen-Z VISN 22 Primary Prime Vendor,Awarded MSPV 2.0 contract for VISN 22,https://news.va.gov/press-room/va-awards-medical-surgical-prime-vendor-2-0-contracts-for-distribution-and-supply-management-services-to-provide-veteran-health-care/,VA News,2020-10-23,2026-04-19,1.0,True,va_mspv_mapping,Mapped from VISN award,SAN DIEGO VAMC
Cardinal Health,Southern Arizona VAMC,hospital,Various,Various,confirmed_supply,VA MSPV 2.0 / Gen-Z VISN 22 Primary Prime Vendor,Awarded MSPV 2.0 contract for VISN 22,https://news.va.gov/press-room/va-awards-medical-surgical-prime-vendor-2-0-contracts-for-distribution-and-supply-management-services-to-provide-veteran-health-care/,VA News,2020-10-23,2026-04-19,1.0,True,va_mspv_mapping,Mapped from VISN award,SOUTHERN ARIZONA VAMC
Cardinal Health,Las Vegas VAMC,hospital,Various,Various,confirmed_supply,VA MSPV 2.0 / Gen-Z VISN 22 Primary Prime Vendor,Awarded MSPV 2.0 contract for VISN 22,https://news.va.gov/press-room/va-awards-medical-surgical-prime-vendor-2-0-contracts-for-distribution-and-supply-management-services-to-provide-veteran-health-care/,VA News,2020-10-23,2026-04-19,1.0,True,va_mspv_mapping,Mapped from VISN award,LAS VEGAS VAMC
Medline,Black Hills VAMC,hospital,Various,Various,confirmed_supply,VA MSPV 2.0 / Gen-Z VISN 23 Primary Prime Vendor,Awarded MSPV 2.0 contract for VISN 23,https://news.va.gov/press-room/va-awards-medical-surgical-prime-vendor-2-0-contracts-for-distribution-and-supply-management-services-to-provide-veteran-health-care/,VA News,2020-10-23,2026-04-19,1.0,True,va_mspv_mapping,Mapped from VISN award,BLACK HILLS VAMC
Medline,Central Iowa VAMC,hospital,Various,Various,confirmed_supply,VA MSPV 2.0 / Gen-Z VISN 23 Primary Prime Vendor,Awarded MSPV 2.0 contract for VISN 23,https://news.va.gov/press-room/va-awards-medical-surgical-prime-vendor-2-0-contracts-for-distribution-and-supply-management-services-to-provide-veteran-health-care/,VA News,2020-10-23,2026-04-19,1.0,True,va_mspv_mapping,Mapped from VISN award,CENTRAL IOWA VAMC
Medline,Fargo VAMC,hospital,Various,Various,confirmed_supply,VA MSPV 2.0 / Gen-Z VISN 23 Primary Prime Vendor,Awarded MSPV 2.0 contract for VISN 23,https://news.va.gov/press-room/va-awards-medical-surgical-prime-vendor-2-0-contracts-for-distribution-and-supply-management-services-to-provide-veteran-health-care/,VA News,2020-10-23,2026-04-19,1.0,True,va_mspv_mapping,Mapped from VISN award,FARGO VAMC
Medline,Grand Island VAMC,hospital,Various,Various,confirmed_supply,VA MSPV 2.0 / Gen-Z VISN 23 Primary Prime Vendor,Awarded MSPV 2.0 contract for VISN 23,https://news.va.gov/press-room/va-awards-medical-surgical-prime-vendor-2-0-contracts-for-distribution-and-supply-management-services-to-provide-veteran-health-care/,VA News,2020-10-23,2026-04-19,1.0,True,va_mspv_mapping,Mapped from VISN award,GRAND ISLAND VAMC
Medline,Iowa City VAMC,hospital,Various,Various,confirmed_supply,VA MSPV 2.0 / Gen-Z VISN 23 Primary Prime Vendor,Awarded MSPV 2.0 contract for VISN 23,https://news.va.gov/press-room/va-awards-medical-surgical-prime-vendor-2-0-contracts-for-distribution-and-supply-management-services-to-provide-veteran-health-care/,VA News,2020-10-23,2026-04-19,1.0,True,va_mspv_mapping,Mapped from VISN award,IOWA CITY VAMC
Medline,Minneapolis VAMC,hospital,Various,Various,confirmed_supply,VA MSPV 2.0 / Gen-Z VISN 23 Primary Prime Vendor,Awarded MSPV 2.0 contract for VISN 23,https://news.va.gov/press-room/va-awards-medical-surgical-prime-vendor-2-0-contracts-for-distribution-and-supply-management-services-to-provide-veteran-health-care/,VA News,2020-10-23,2026-04-19,1.0,True,va_mspv_mapping,Mapped from VISN award,MINNEAPOLIS VAMC
Medline,Nebraska-Western Iowa VAMC,hospital,Various,Various,confirmed_supply,VA MSPV 2.0 / Gen-Z VISN 23 Primary Prime Vendor,Awarded MSPV 2.0 contract for VISN 23,https://news.va.gov/press-room/va-awards-medical-surgical-prime-vendor-2-0-contracts-for-distribution-and-supply-management-services-to-provide-veteran-health-care/,VA News,2020-10-23,2026-04-19,1.0,True,va_mspv_mapping,Mapped from VISN award,NEBRASKA-WESTERN IOWA VAMC
Medline,Sioux Falls VAMC,hospital,Various,Various,confirmed_supply,VA MSPV 2.0 / Gen-Z VISN 23 Primary Prime Vendor,Awarded MSPV 2.0 contract for VISN 23,https://news.va.gov/press-room/va-awards-medical-surgical-prime-vendor-2-0-contracts-for-distribution-and-supply-management-services-to-provide-veteran-health-care/,VA News,2020-10-23,2026-04-19,1.0,True,va_mspv_mapping,Mapped from VISN award,SIOUX FALLS VAMC
Medline,St. Cloud VAMC,hospital,Various,Various,confirmed_supply,VA MSPV 2.0 / Gen-Z VISN 23 Primary Prime Vendor,Awarded MSPV 2.0 contract for VISN 23,https://news.va.gov/press-room/va-awards-medical-surgical-prime-vendor-2-0-contracts-for-distribution-and-supply-management-services-to-provide-veteran-health-care/,VA News,2020-10-23,2026-04-19,1.0,True,va_mspv_mapping,Mapped from VISN award,ST CLOUD VAMC
Owens & Minor,WVU Medicine,IDN,Morgantown,WV,partnership,Center of Excellence collaboration for medical supply logistics,Center of Excellence collaboration for medical supply logistics,https://www.owens-minor.com/pressreleases/owens-minor-breaks-ground-on-center-of-excellence-for-medical-supply-logistics-in-west-virginia/,Owens & Minor Press,2022-06-27,2026-04-19,0.9,True,expert_search,Confirmed relationship,WVU MEDICINE
Owens & Minor,Avera Health,IDN,Sioux Falls,SD,confirmed_supply,Logistical partnership for supply chain,Logistical partnership for supply chain,https://www.hmenews.com/tag/distribution,HME News,2026-01-01,2026-04-19,0.9,True,expert_search,Confirmed relationship,AVERA
Owens & Minor,Department of Defense,government,National,US,confirmed_supply,Prime vendor for medical and surgical supply distribution services,Prime vendor for medical and surgical supply distribution services,https://scholarship.richmond.edu/cgi/viewcontent.cgi?article=1109&context=robins-white-papers,Richmond White Papers,2008-01-01,2026-04-19,1.0,True,expert_search,Confirmed relationship,DEPARTMENT OF DEFENSE
Henry Schein,Viewmont Surgery Center,ASC,Hickory,NC,inferred_supply,Ambulatory Surgery Center served by Henry Schein medical products,Ambulatory Surgery Center served by Henry Schein medical products,https://www.henryschein.com/us-en/images/Medical/henryschein_asc_guide_2025.pdf,Henry Schein ASC Guide,2025-01-01,2026-04-19,0.6,False,segment_inference,Inferred based on segment focus,VIEWMONT SURGERY
Henry Schein,Youngstown Orthopedic Associates,ASC,Youngstown,OH,inferred_supply,Ambulatory Surgery Center served by Henry Schein medical products,Ambulatory Surgery Center served by Henry Schein medical products,https://www.henryschein.com/us-en/images/Medical/henryschein_asc_guide_2025.pdf,Henry Schein ASC Guide,2025-01-01,2026-04-19,0.6,False,segment_inference,Inferred based on segment focus,YOUNGSTOWN ORTHOPEDIC ASSOCIATES
Henry Schein,Graystone Eye,ASC,Hickory,NC,inferred_supply,Ambulatory Surgery Center served by Henry Schein medical products,Ambulatory Surgery Center served by Henry Schein medical products,https://www.henryschein.com/us-en/images/Medical/henryschein_asc_guide_2025.pdf,Henry Schein ASC Guide,2025-01-01,2026-04-19,0.6,False,segment_inference,Inferred based on segment focus,GRAYSTONE EYE
